f1_macro,mcc,accuracy,precision,recall,f1,fold,epoch,train_loss,eval_loss,test_loss,elapsed_time
0.4271978021978022,0.0,0.7458033573141487,0.0,0.0,0.0,1.0,0,0.5875776730856653,0.5475821026733944,,92.8370339020621
0.9371419957793188,0.8743568739905836,0.9520383693045564,0.8981481481481481,0.9150943396226416,0.9065420560747663,1.0,0,0.2921225689193035,0.1346513953887754,,92.96382897603326
0.4271978021978022,0.0,0.7458033573141487,0.0,0.0,0.0,1.0,0,0.6439700467789427,0.5804855426152548,,94.62768872105516
0.4271978021978022,0.0,0.7458033573141487,0.0,0.0,0.0,1.0,0,0.5795230582705947,0.5360016434822442,,109.7722108841408
0.4271978021978022,0.0,0.7458033573141487,0.0,0.0,0.0,1.0,1,0.5740580664852918,0.5479723023516792,,176.46932943700813
0.9646580218662598,0.9298095058475558,0.973621103117506,0.9702970297029704,0.9245283018867924,0.9468599033816424,1.0,1,0.0922502959979341,0.0881167777589763,,181.56318441103213
0.4271978021978022,0.0,0.7458033573141487,0.0,0.0,0.0,1.0,1,0.5748789226755183,0.5548281515086139,,181.9463515440002
0.6724753636544524,0.4854164127355554,0.8201438848920863,1.0,0.2924528301886792,0.4525547445255474,1.0,1,0.4848218100157374,0.4146458339297546,,208.18565050209872
0.4271978021978022,0.0,0.7458033573141487,0.0,0.0,0.0,1.0,2,0.5701333597554998,0.5478735779012952,,260.40099314111285
0.4271978021978022,0.0,0.7458033573141487,0.0,0.0,0.0,1.0,2,0.5598194362001216,0.5442450300410941,,269.2545747710392
0.9683765091306196,0.9367530182612388,0.9760191846522782,0.9528301886792452,0.9528301886792452,0.9528301886792452,1.0,2,0.0407765782933602,0.0771178046017195,,270.5569548951462
0.8285831734721842,0.6804934368968895,0.8848920863309353,0.9027777777777778,0.6132075471698113,0.7303370786516854,1.0,2,0.3441750907631062,0.3070773977856591,,306.77297454699874
0.4271978021978022,0.0,0.7458033573141487,0.0,0.0,0.0,1.0,3,0.5693645159066734,0.5474768642868314,,343.281641127076
0.4271978021978022,0.0,0.7458033573141487,0.0,0.0,0.0,1.0,3,0.5508784670779046,0.5331440148530183,,356.20246114302427
0.9687612369651204,0.9378227960716948,0.9760191846522782,0.9363636363636364,0.9716981132075472,0.9537037037037036,1.0,3,0.0226082074688747,0.093442513598819,,358.848533497192
0.8911011751671745,0.7853816234196918,0.920863309352518,0.8924731182795699,0.7830188679245284,0.8341708542713567,1.0,3,0.2755411044478035,0.2401966638863086,,403.55271614412777
0.4271978021978022,0.0,0.7458033573141487,0.0,0.0,0.0,2.0,0,0.5909702516460823,0.6526213543755668,,429.2064635180868
0.4271978021978022,0.0,0.7458033573141487,0.0,0.0,0.0,2.0,0,0.634627180911125,0.6014986325193334,,444.14312857505865
0.9687612369651204,0.9378227960716948,0.9760191846522782,0.9363636363636364,0.9716981132075472,0.9537037037037036,1.0,4,0.0181212758263969,0.1063291979479362,,447.5780768049881
0.9089909710378052,0.8252696468647575,0.935251798561151,0.9540229885057472,0.7830188679245284,0.8601036269430051,1.0,4,0.2259393312783637,0.1975660431110915,,501.4558695650194
0.4271978021978022,0.0,0.7458033573141487,0.0,0.0,0.0,2.0,1,0.5707081889702101,0.6255085808890206,,512.9300087040756
0.4271978021978022,0.0,0.7458033573141487,0.0,0.0,0.0,2.0,1,0.574874805516385,0.5882260490346838,,531.8193728870247
0.9717999774580156,0.9437705443423074,0.9784172661870504,0.944954128440367,0.9716981132075472,0.958139534883721,1.0,5,0.0195545207731366,0.0757141034862595,,536.0871818901505
0.4271978021978022,0.0,0.7458033573141487,0.0,0.0,0.0,2.0,2,0.5662575833878275,0.6577347346714565,,597.213108555181
0.9216067176337888,0.8451386559068305,0.9424460431654677,0.9270833333333334,0.839622641509434,0.8811881188118812,1.0,5,0.1791080890981945,0.141925262269687,,599.6843210281804
0.4271978021978022,0.0,0.7458033573141487,0.0,0.0,0.0,2.0,2,0.5627234538818927,0.5837577780087789,,618.8379875610117
0.965533305782019,0.931235833478507,0.973621103117506,0.9357798165137616,0.9622641509433962,0.9488372093023256,1.0,6,0.0144937768372944,0.1094918642796714,,624.8875878951512
0.4271978021978022,0.0,0.7458033573141487,0.0,0.0,0.0,2.0,3,0.5726986014741963,0.6273982929331916,,680.9134675629903
0.9412050382253416,0.8843883295356475,0.9568345323741008,0.9583333333333334,0.8679245283018868,0.9108910891089108,1.0,6,0.1296277163979182,0.1259839563138501,,691.4233763590455
0.4271978021978022,0.0,0.7458033573141487,0.0,0.0,0.0,2.0,3,0.5574470929642941,0.5778649670106394,,705.9430459360592
0.9779320042639088,0.9558833425811714,0.9832134292565948,0.9626168224299064,0.9716981132075472,0.9671361502347418,1.0,7,0.0071625041598305,0.089819416382751,,712.0146140751895
0.4279835390946502,0.0,0.7482014388489209,0.0,0.0,0.0,3.0,0,0.5854070679110995,0.5574983166796821,,770.8877808370162
0.9559993970455232,0.9120735199463168,0.9664268585131894,0.925925925925926,0.9433962264150944,0.9345794392523364,1.0,7,0.1081719000670892,0.1116020147433891,,789.5432734070346
0.4279835390946502,0.0,0.7482014388489209,0.0,0.0,0.0,3.0,0,0.6559329502126003,0.5856341189808316,,794.4902677680366
0.971969317867786,0.944407090302477,0.9784172661870504,0.9369369369369368,0.981132075471698,0.9585253456221198,1.0,8,0.0031775421379976,0.1207277886062877,,800.7319964880589
0.4279835390946502,0.0,0.7482014388489209,0.0,0.0,0.0,3.0,1,0.5736010630251998,0.5514594901885305,,854.7482147749979
0.4279835390946502,0.0,0.7482014388489209,0.0,0.0,0.0,3.0,1,0.577761583886248,0.5574924725073355,,881.9356311319862
0.9657402773939608,0.9319452917879484,0.973621103117506,0.927927927927928,0.9716981132075472,0.9493087557603688,1.0,8,0.0784441198685021,0.1044780041600735,,887.9854043130763
0.9629552857565886,0.9270761534341132,0.9712230215827338,0.912280701754386,0.981132075471698,0.9454545454545454,1.0,9,0.0023195748979057,0.1471275057502444,,889.5353152360767
0.4279835390946502,0.0,0.7482014388489209,0.0,0.0,0.0,3.0,2,0.5686104679006642,0.5445204355887004,,938.2744595040568
0.4279835390946502,0.0,0.7482014388489209,0.0,0.0,0.0,3.0,2,0.5666620199984692,0.5488440339212064,,962.9970711381176
0.9012140953509032,0.803501560676785,0.9232613908872902,0.8245614035087719,0.8867924528301887,0.8545454545454545,2.0,0,0.2906715387359578,0.1871723831044855,,984.8928308240138
0.9685709978896592,0.9372179505834723,0.9760191846522782,0.9444444444444444,0.9622641509433962,0.9532710280373832,1.0,9,0.0639698981349148,0.0999719755908579,,986.5697355750016
0.4279835390946502,0.0,0.7482014388489209,0.0,0.0,0.0,3.0,3,0.5669783010321149,0.5445822732789176,,1016.8713845121674
0.4279835390946502,0.0,0.7482014388489209,0.0,0.0,0.0,3.0,3,0.5584834707544205,0.5414559289261147,,1049.0886484321672
0.9296088893455556,0.8612937371694769,0.9448441247002398,0.8547008547008547,0.9433962264150944,0.8968609865470852,2.0,1,0.0913167954620687,0.1337856938890009,,1072.9544337762054
0.4271978021978022,0.0,0.7458033573141487,0.0,0.0,0.0,2.0,0,0.572018835717427,0.5575860426673349,,1089.318072016118
0.4279835390946502,0.0,0.7482014388489209,0.0,0.0,0.0,4.0,0,0.5718570202589035,0.5495118647813797,,1101.7209397051483
0.4279835390946502,0.0,0.7482014388489209,0.0,0.0,0.0,4.0,0,0.6406349085746927,0.5852459426279422,,1136.3080797251314
0.9535583027063148,0.9080031615136472,0.9640287769784172,0.9026548672566372,0.9622641509433962,0.9315068493150684,2.0,2,0.0456534334498041,0.102318388927314,,1162.220267405035
0.4279835390946502,0.0,0.7482014388489209,0.0,0.0,0.0,4.0,1,0.5693710448883348,0.5468030188764844,,1185.9616291651037
0.560152075388592,0.3308718843997314,0.7817745803357314,1.0,0.1415094339622641,0.2479338842975206,2.0,1,0.4929326120724301,0.4454373450211759,,1187.3239834900014
0.4279835390946502,0.0,0.7482014388489209,0.0,0.0,0.0,4.0,1,0.5805094802633245,0.5615072548389435,,1223.4672453941312
0.9567811667160202,0.9147186941583804,0.9664268585131894,0.9035087719298246,0.9716981132075472,0.9363636363636364,2.0,3,0.0213943564035791,0.1205637101687629,,1251.1902276971375
0.4279835390946502,0.0,0.7482014388489209,0.0,0.0,0.0,4.0,2,0.5678514689207077,0.5450984026704516,,1269.7449464590754
0.856097267364873,0.7174986458476991,0.8968824940047961,0.8539325842696629,0.7169811320754716,0.7794871794871795,2.0,2,0.3582285529991457,0.311704120124286,,1285.995142852189
0.4279835390946502,0.0,0.7482014388489209,0.0,0.0,0.0,4.0,2,0.5677081705407894,0.5522845564065156,,1310.0898652251344
0.9565262718932444,0.9137100907310614,0.9664268585131894,0.9107142857142856,0.9622641509433962,0.9357798165137616,2.0,4,0.0180610564916315,0.09706088987662,,1340.617606629152
0.4279835390946502,0.0,0.7482014388489209,0.0,0.0,0.0,4.0,3,0.5690958229667049,0.5484346470662526,,1353.2497324449942
0.8845012463894275,0.7721507367810617,0.9160671462829736,0.8817204301075269,0.7735849056603774,0.8241206030150754,2.0,3,0.2714050037266095,0.2556804952756414,,1382.6215477332007
0.4279835390946502,0.0,0.7482014388489209,0.0,0.0,0.0,4.0,3,0.5593281076309529,0.5438808622183623,,1397.205745179206
0.9629552857565886,0.9270761534341132,0.9712230215827338,0.912280701754386,0.981132075471698,0.9454545454545454,2.0,5,0.0130956012386571,0.1133510656245225,,1424.0182546111755
0.4279835390946502,0.0,0.7482014388489209,0.0,0.0,0.0,5.0,0,0.5853774716793481,0.5463769521032061,,1438.1943564421963
0.8882104134397713,0.777020110097594,0.9136690647482014,0.8125,0.8584905660377359,0.8348623853211009,2.0,4,0.226645616806551,0.2285088069455803,,1480.6538405430038
0.4279835390946502,0.0,0.7482014388489209,0.0,0.0,0.0,5.0,0,0.6144473637672181,0.5677109173050633,,1489.460606901208
0.9599846463871028,0.9214308188928528,0.9688249400479616,0.9043478260869564,0.981132075471698,0.9411764705882352,2.0,6,0.0056045402195601,0.1218076546663521,,1512.9014348210767
0.4279835390946502,0.0,0.7482014388489209,0.0,0.0,0.0,5.0,1,0.5742315167592744,0.5509388638394219,,1521.715397363063
0.4279835390946502,0.0,0.7482014388489209,0.0,0.0,0.0,5.0,1,0.5688953988095548,0.5482383513892138,,1577.4286114231218
0.9028665890220536,0.8058887248405027,0.9256594724220624,0.8440366972477065,0.8679245283018868,0.8558139534883721,2.0,5,0.1840358516062373,0.1839695360933272,,1579.2763751700986
0.9223708328559972,0.8512427971242078,0.9376498800959232,0.8174603174603174,0.9716981132075472,0.8879310344827587,2.0,7,0.0068289831829346,0.2450077677408612,,1601.8396321071775
0.4279835390946502,0.0,0.7482014388489209,0.0,0.0,0.0,5.0,2,0.592443133057174,0.5495759227446148,,1605.4116117060184
0.4279835390946502,0.0,0.7482014388489209,0.0,0.0,0.0,5.0,2,0.5565115620481207,0.5386719968583848,,1663.980648407014
0.9102127185655418,0.8212620557256404,0.9304556354916068,0.8407079646017699,0.8962264150943396,0.867579908675799,2.0,6,0.1383896020890426,0.1601122576954229,,1678.0817079641856
0.4279835390946502,0.0,0.7482014388489209,0.0,0.0,0.0,5.0,3,0.5697734333195928,0.5600304795163018,,1688.830860499991
0.9629552857565886,0.9270761534341132,0.9712230215827338,0.912280701754386,0.981132075471698,0.9454545454545454,2.0,8,0.0074327167561971,0.1124223713209007,,1690.5979032160249
0.4279835390946502,0.0,0.7482014388489209,0.0,0.0,0.0,5.0,3,0.5509552788227162,0.5274813881626835,,1750.4121442320757
0.4279835390946502,0.0,0.7482014388489209,0.0,0.0,0.0,6.0,0,0.5939155215934172,0.5796126052737236,,1774.2715011120308
0.9204249093569112,0.8507557080823781,0.935251798561151,0.8015267175572519,0.9905660377358492,0.8860759493670886,2.0,7,0.1096000501604032,0.1841189000614971,,1774.3787862351164
0.943077716435115,0.8862297862793787,0.9568345323741008,0.9065420560747663,0.923809523809524,0.9150943396226416,3.0,0,0.3174697701759795,0.1315452078426325,,1778.5841898580547
0.4279835390946502,0.0,0.7482014388489209,0.0,0.0,0.0,6.0,0,0.6325432276472133,0.5761490762233734,,1839.157287554117
0.4279835390946502,0.0,0.7482014388489209,0.0,0.0,0.0,6.0,1,0.5773317912372492,0.5549141807215554,,1858.6071535150984
0.9742130975202524,0.9487479890152776,0.9808153477218226,0.9801980198019802,0.9428571428571428,0.9611650485436892,3.0,1,0.0978819606706817,0.0590116141743406,,1867.039097200148
0.943077716435115,0.8861554328702299,0.9568345323741008,0.9150943396226416,0.9150943396226416,0.9150943396226416,2.0,8,0.0832438373298787,0.1147324388653461,,1872.8187652782071
0.4279835390946502,0.0,0.7482014388489209,0.0,0.0,0.0,6.0,1,0.5745792897457772,0.5534684028890398,,1926.208077153191
0.4279835390946502,0.0,0.7482014388489209,0.0,0.0,0.0,6.0,2,0.5711052634958493,0.5456175931862423,,1942.416469183052
0.9681776556776556,0.9363553113553114,0.9760191846522782,0.9523809523809524,0.9523809523809524,0.9523809523809524,3.0,2,0.0464937526326468,0.0606578134293495,,1956.5780867491849
0.9535583027063148,0.9080031615136472,0.9640287769784172,0.9026548672566372,0.9622641509433962,0.9315068493150684,2.0,9,0.0717064485123663,0.1073322814344516,,1971.3299826001748
0.4279835390946502,0.0,0.7482014388489209,0.0,0.0,0.0,6.0,2,0.5614246544685769,0.543768384942302,,2013.5306564150376
0.4279835390946502,0.0,0.7482014388489209,0.0,0.0,0.0,6.0,3,0.5723136256811983,0.5541844751153674,,2020.0760938590392
0.9807845908085524,0.9616492653754214,0.9856115107913668,0.9805825242718448,0.961904761904762,0.971153846153846,3.0,3,0.0237538695424557,0.0481802844701127,,2045.2836091830395
0.4279835390946502,0.0,0.7482014388489209,0.0,0.0,0.0,3.0,0,0.5645895269252598,0.5038498437629556,,2075.269346646033
0.4279835390946502,0.0,0.7482014388489209,0.0,0.0,0.0,6.0,3,0.5534543279637681,0.5339224062584065,,2100.20265520108
0.4279835390946502,0.0,0.7482014388489209,0.0,0.0,0.0,7.0,0,0.5786241414183277,0.5445113118205752,,2104.488202882
0.9809065934065936,0.9618131868131868,0.9856115107913668,0.9714285714285714,0.9714285714285714,0.9714285714285714,3.0,4,0.0178618441226872,0.0443659297630397,,2128.911719809053
0.8445176674615218,0.7150941999495314,0.8968824940047961,0.9428571428571428,0.6285714285714286,0.7542857142857143,3.0,1,0.4336178480530344,0.3057886764126004,,2173.050936436979
0.4279835390946502,0.0,0.7482014388489209,0.0,0.0,0.0,7.0,1,0.5729312328463894,0.5512841663190297,,2188.0306994111743
0.4279835390946502,0.0,0.7482014388489209,0.0,0.0,0.0,7.0,0,0.6265468469325532,0.5689923851578323,,2192.7152353590354
0.9679743180142542,0.9360274045574832,0.9760191846522782,0.9611650485436892,0.9428571428571428,0.9519230769230768,3.0,5,0.0110379043555362,0.0744751752030828,,2217.9077690721024
0.8892871365989645,0.7904993393069731,0.9232613908872902,0.9506172839506172,0.7333333333333333,0.8279569892473119,3.0,2,0.3086474534831067,0.2380101496599755,,2271.381470750086
0.4279835390946502,0.0,0.7482014388489209,0.0,0.0,0.0,7.0,2,0.5864174262446872,0.5615660505635398,,2271.5628793551587
0.4279835390946502,0.0,0.7482014388489209,0.0,0.0,0.0,7.0,1,0.5663569277905404,0.5487663271250548,,2279.8726274981163
0.9841388176762798,0.9682973646870964,0.988009592326139,0.9716981132075472,0.9809523809523808,0.976303317535545,3.0,6,0.0110357228537744,0.0532936345251208,,2306.1605591431726
0.4279835390946502,0.0,0.7482014388489209,0.0,0.0,0.0,7.0,3,0.5713977164636224,0.5504616562809262,,2355.8944945239928
0.91027898859661,0.8238717188596066,0.935251798561151,0.9239130434782608,0.8095238095238095,0.8629441624365483,3.0,3,0.2474819369582352,0.2013278540294125,,2363.6679810481146
0.4279835390946502,0.0,0.7482014388489209,0.0,0.0,0.0,7.0,2,0.5545070007760474,0.5400499215832463,,2366.6856655851007
0.9806598231401892,0.9616441332039264,0.9856115107913668,0.99009900990099,0.9523809523809524,0.970873786407767,3.0,7,0.0078660953612849,0.0479957071139425,,2395.4795160011854
0.4277854195323246,0.0,0.7475961538461539,0.0,0.0,0.0,8.0,0,0.5792356532509044,0.5651571865265186,,2446.368592779152
0.4279835390946502,0.0,0.7482014388489209,0.0,0.0,0.0,7.0,3,0.5455660840298268,0.5305693248907725,,2453.7464380091988
0.918063709886586,0.8376887993877684,0.9400479616306956,0.9166666666666666,0.8380952380952381,0.8756218905472637,3.0,4,0.2041288933623383,0.1851293924703912,,2462.0891433120705
0.9871897272057016,0.9744601957843904,0.9904076738609112,0.9902912621359224,0.9714285714285714,0.9807692307692308,3.0,8,0.0024183839454905,0.0407975602149101,,2478.48336929013
0.4277854195323246,0.0,0.7475961538461539,0.0,0.0,0.0,8.0,1,0.5714425591088957,0.5671330621609321,,2529.992428919068
0.4277854195323246,0.0,0.7475961538461539,0.0,0.0,0.0,8.0,0,0.6079050425519334,0.5714712956776986,,2546.751288345084
0.91619256694082,0.8326826913174376,0.9376498800959232,0.8910891089108911,0.8571428571428571,0.8737864077669902,3.0,5,0.1592151381011838,0.1479465867621156,,2560.7736053881235
0.9839354644846636,0.968053022349724,0.988009592326139,0.9901960784313726,0.961904761904762,0.9758454106280192,3.0,9,0.0011761122375746,0.0459741902703643,,2567.270647041034
0.4277854195323246,0.0,0.7475961538461539,0.0,0.0,0.0,8.0,2,0.5853939460495771,0.5829728314509759,,2613.523401285056
0.4277854195323246,0.0,0.7475961538461539,0.0,0.0,0.0,8.0,1,0.5670934133073117,0.5576271116733551,,2627.781902604038
0.9261031366294524,0.8523748934969679,0.9448441247002398,0.9019607843137256,0.8761904761904762,0.8888888888888888,3.0,6,0.1226063911209323,0.1191040728557503,,2658.834620190086
0.9029493198507283,0.8103279522430632,0.9304556354916068,0.9222222222222224,0.7904761904761904,0.8512820512820513,4.0,0,0.2965729241992565,0.1734317461442616,,2662.294230610132
0.4277854195323246,0.0,0.7475961538461539,0.0,0.0,0.0,8.0,3,0.5721281931056814,0.5660394705258883,,2696.8803392681293
0.4277854195323246,0.0,0.7475961538461539,0.0,0.0,0.0,8.0,2,0.5584841699042219,0.5495386914565012,,2715.0752839501947
0.9562657317511688,0.9131965553120702,0.9664268585131894,0.90990990990991,0.961904761904762,0.9351851851851852,3.0,7,0.0906439739436324,0.1147050362800792,,2750.243991483003
0.950315739306565,0.9017914878853046,0.9616306954436452,0.8938053097345132,0.961904761904762,0.926605504587156,4.0,1,0.1025872396582618,0.0897117591963184,,2752.0243619831745
0.4277854195323246,0.0,0.7475961538461539,0.0,0.0,0.0,9.0,0,0.5785989210767261,0.5656265639341794,,2786.700580584118
0.4277854195323246,0.0,0.7475961538461539,0.0,0.0,0.0,8.0,3,0.550129047353217,0.5407531949189993,,2801.452601043042
0.9627368044799238,0.9266524590903934,0.9712230215827338,0.911504424778761,0.9809523809523808,0.944954128440367,4.0,2,0.048618526548702,0.0766756730693116,,2836.1725292049814
0.9587609259583274,0.9175409458348266,0.9688249400479616,0.9339622641509434,0.9428571428571428,0.9383886255924172,3.0,8,0.0677998989655662,0.0972236100549124,,2848.983366418164
0.4277854195323246,0.0,0.7475961538461539,0.0,0.0,0.0,9.0,1,0.5728102051100489,0.5680396167131571,,2870.5150269169826
0.4277854195323246,0.0,0.7475961538461539,0.0,0.0,0.0,9.0,0,0.6024930554501554,0.5715981698953189,,2894.085355642019
0.9625134843581444,0.9256974732939866,0.9712230215827338,0.918918918918919,0.9714285714285714,0.9444444444444444,4.0,3,0.0276698968284069,0.0768276225253767,,2925.0108223350253
0.9508382259319516,0.903310273190124,0.9640287769784172,0.96875,0.8857142857142857,0.9253731343283582,3.0,9,0.0624530085567027,0.1014195173882158,,2947.2858769590966
0.4277854195323246,0.0,0.7475961538461539,0.0,0.0,0.0,9.0,2,0.5745153290740515,0.564960968035918,,2951.0681032701395
0.4277854195323246,0.0,0.7475961538461539,0.0,0.0,0.0,9.0,1,0.5692306882523476,0.5605847732378886,,2981.4539004140534
0.9653217209861424,0.9308146726095602,0.973621103117506,0.9351851851851852,0.961904761904762,0.9483568075117372,4.0,4,0.0143308169381851,0.0869837501776163,,3013.366918057204
0.4277854195323246,0.0,0.7475961538461539,0.0,0.0,0.0,9.0,3,0.5701152523190288,0.5719412427682143,,3032.6594524751417
0.4279835390946502,0.0,0.7482014388489209,0.0,0.0,0.0,4.0,0,0.5700946150939348,0.5319660131661397,,3045.792432070012
0.4277854195323246,0.0,0.7475961538461539,0.0,0.0,0.0,9.0,2,0.561981034405688,0.5538854151964188,,3068.434331904165
0.9548729206604416,0.9100595564493308,0.9664268585131894,0.9504950495049505,0.9142857142857144,0.9320388349514565,4.0,5,0.0065366917314562,0.1286565261996454,,3103.099315104075
0.4277854195323246,0.0,0.7475961538461539,0.0,0.0,0.0,10.0,0,0.582515990077439,0.5668564553444202,,3122.397085348144
0.6031559844192634,0.3680800355698438,0.7937649880095923,0.9130434782608696,0.2,0.328125,4.0,1,0.4881972316930543,0.4265449231244483,,3144.3160437841434
0.4277854195323246,0.0,0.7475961538461539,0.0,0.0,0.0,9.0,3,0.5559147196881314,0.5462536972302657,,3155.175858378177
0.9625134843581444,0.9256974732939866,0.9712230215827338,0.918918918918919,0.9714285714285714,0.9444444444444444,4.0,6,0.0112399913511793,0.110976391449825,,3190.5257799341343
0.4277854195323246,0.0,0.7475961538461539,0.0,0.0,0.0,10.0,1,0.6067813296439284,0.5656665357259604,,3205.6739860060625
0.7606807854058275,0.5837434174769179,0.8537170263788969,0.9230769230769232,0.4571428571428571,0.6114649681528662,4.0,2,0.3523612636715364,0.3514225150476087,,3242.833649341017
0.4277854195323246,0.0,0.7475961538461539,0.0,0.0,0.0,10.0,0,0.5891059648483358,0.5658115389255377,,3243.125336259138
0.9627368044799238,0.9266524590903934,0.9712230215827338,0.911504424778761,0.9809523809523808,0.944954128440367,4.0,7,0.0092371094237487,0.0995556643411638,,3278.927762323059
0.4277854195323246,0.0,0.7475961538461539,0.0,0.0,0.0,10.0,2,0.5680201169797929,0.5678175114668332,,3289.1912689202
0.4277854195323246,0.0,0.7475961538461539,0.0,0.0,0.0,10.0,1,0.5638378296760802,0.556596597799888,,3324.56973511912
0.8500490356325596,0.7076378989406693,0.894484412470024,0.8588235294117647,0.6952380952380952,0.7684210526315789,4.0,3,0.278474983177396,0.2697356971648504,,3340.9161966471
0.4277854195323246,0.0,0.7475961538461539,0.0,0.0,0.0,10.0,3,0.5710562151872506,0.5650751521954169,,3372.642902016174
0.9437702265372168,0.8881947193482377,0.9568345323741008,0.8918918918918919,0.9428571428571428,0.9166666666666666,5.0,0,0.2872347252879371,0.1193552696732459,,3374.590327732032
0.4277854195323246,0.0,0.7475961538461539,0.0,0.0,0.0,10.0,2,0.5563178395971339,0.5502972132884539,,3411.22893505916
0.8773128473357306,0.7624966094553113,0.9136690647482014,0.9058823529411764,0.7333333333333333,0.8105263157894737,4.0,4,0.2384893871240143,0.2434528441923969,,3433.513462115079
0.9613196462803784,0.9229557006379798,0.9712230215827338,0.9603960396039604,0.923809523809524,0.941747572815534,5.0,1,0.0810713323625795,0.1058140411731545,,3464.261017680168
0.4271978021978022,0.0,0.7458033573141487,0.0,0.0,0.0,1.0,0,0.577149291171321,0.5346357873262055,,3475.8936039570253
0.4277854195323246,0.0,0.7475961538461539,0.0,0.0,0.0,10.0,3,0.5498097503438909,0.5433620317624166,,3497.3852676891256
0.8793691988527883,0.7694353948422629,0.9160671462829736,0.926829268292683,0.7238095238095238,0.8128342245989305,4.0,5,0.2004854316150011,0.2210896002691028,,3528.595202139113
0.9587609259583274,0.9175409458348266,0.9688249400479616,0.9339622641509434,0.9428571428571428,0.9383886255924172,5.0,2,0.0397312112400268,0.1041634746706458,,3548.4168598141987
0.4271978021978022,0.0,0.7458033573141487,0.0,0.0,0.0,1.0,1,0.5690546062137527,0.5623883509411002,,3573.489933778066
0.6799299990789353,0.4787518246721498,0.8201438848920863,0.9428571428571428,0.3113207547169811,0.4680851063829787,1.0,0,0.5237062771269616,0.3972687839909836,,3589.872368650045
0.918613819646663,0.8381601790558417,0.9400479616306956,0.9081632653061223,0.8476190476190476,0.8768472906403941,4.0,6,0.1523617294166229,0.1406716037945787,,3624.989679878112
0.952999962430026,0.9064624945824716,0.9640287769784172,0.9090909090909092,0.9523809523809524,0.9302325581395348,5.0,3,0.0265146640500925,0.1257238551301674,,3637.0248634270392
0.4271978021978022,0.0,0.7458033573141487,0.0,0.0,0.0,1.0,2,0.5808573393488744,0.5631874231797345,,3671.248653503135
0.8675791650721014,0.7436519383037578,0.9064748201438848,0.8941176470588236,0.7169811320754716,0.7958115183246073,1.0,1,0.3093054463096121,0.2504515777583475,,3677.385396350175
0.952999962430026,0.9064624945824716,0.9640287769784172,0.9090909090909092,0.9523809523809524,0.9302325581395348,4.0,7,0.1168334368826833,0.1060930751000513,,3721.35444974713
0.9565262718932444,0.9142219734878492,0.9664268585131894,0.9026548672566372,0.9714285714285714,0.9357798165137616,5.0,4,0.0102433450423438,0.1606151804207237,,3725.6684066210873
0.9045766590389016,0.8190931291619501,0.9328537170263788,0.9642857142857144,0.7641509433962265,0.8526315789473684,1.0,2,0.2297328828655659,0.1893654666082174,,3759.778248913121
0.4271978021978022,0.0,0.7458033573141487,0.0,0.0,0.0,1.0,3,0.5705536998856042,0.5623677485394027,,3768.3095787609927
0.9627368044799238,0.9266524590903934,0.9712230215827338,0.911504424778761,0.9809523809523808,0.944954128440367,4.0,8,0.094115407941843,0.0987879023711495,,3815.916164705996
0.9274908711528428,0.8551445842036364,0.9448441247002398,0.8796296296296297,0.9047619047619048,0.892018779342723,6.0,0,0.302389763006346,0.141010745462996,,3819.827518366045
0.9359486360285084,0.8721992492385358,0.9520383693045564,0.9215686274509804,0.8867924528301887,0.903846153846154,1.0,3,0.1656802744782985,0.1181036635577954,,3846.848202927038
0.4271978021978022,0.0,0.7458033573141487,0.0,0.0,0.0,2.0,0,0.5761056720003136,0.5835882622116016,,3867.674521936104
0.9717999774580156,0.9440739234621623,0.9784172661870504,0.9363636363636364,0.9809523809523808,0.958139534883721,6.0,1,0.1009502202391307,0.0816262812112216,,3909.156288874103
0.9587609259583274,0.9175409458348266,0.9688249400479616,0.9339622641509434,0.9428571428571428,0.9383886255924172,4.0,9,0.0695014690289269,0.0938474422030783,,3911.039035836002
0.9559993970455232,0.9120735199463168,0.9664268585131894,0.925925925925926,0.9433962264150944,0.9345794392523364,1.0,4,0.1090600191397552,0.1009292050644203,,3933.612804284088
0.4271978021978022,0.0,0.7458033573141487,0.0,0.0,0.0,2.0,1,0.5703838669351423,0.5835517003851117,,3959.870890282096
0.9685709978896592,0.9374458678801012,0.9760191846522782,0.9357798165137616,0.9714285714285714,0.9532710280373832,6.0,2,0.0404972171747779,0.080908227134151,,3997.9449665229768
0.4279835390946502,0.0,0.7482014388489209,0.0,0.0,0.0,5.0,0,0.5638917509807961,0.5186794686992213,,4013.515501460061
0.9618131868131868,0.923703535253116,0.9712230215827338,0.9519230769230768,0.9339622641509434,0.9428571428571428,1.0,5,0.0837808033887376,0.0891480201820808,,4020.431451748125
0.4271978021978022,0.0,0.7458033573141487,0.0,0.0,0.0,2.0,2,0.5719795113624032,0.5810388613421962,,4057.605827446096
0.9562657317511688,0.9131965553120702,0.9664268585131894,0.90990990990991,0.961904761904762,0.9351851851851852,6.0,3,0.0209675096148783,0.1056182280579512,,4086.2076414900366
0.9648842105263158,0.929943839881027,0.973621103117506,0.9611650485436892,0.9339622641509434,0.9473684210526316,1.0,6,0.0649857098434833,0.0930458074866759,,4108.286455082009
0.8148933278978122,0.6751986209878794,0.882494004796163,0.9666666666666668,0.5523809523809524,0.703030303030303,5.0,1,0.4783682344056396,0.3607275095188392,,4109.266816057032
0.4271978021978022,0.0,0.7458033573141487,0.0,0.0,0.0,2.0,3,0.5707635506828711,0.5799833699217383,,4154.879116971977
0.9562657317511688,0.9131965553120702,0.9664268585131894,0.90990990990991,0.961904761904762,0.9351851851851852,6.0,4,0.0064565477427095,0.1186557705621925,,4174.859935354209
0.9712688995215312,0.942714680692171,0.9784172661870504,0.970873786407767,0.9433962264150944,0.9569377990430622,1.0,7,0.0593418610698365,0.0838321130205359,,4194.758577733999
0.8647014600561864,0.7315886035610543,0.9016786570743404,0.8404255319148937,0.7523809523809524,0.7939698492462312,5.0,2,0.3427942902532849,0.2595616701357769,,4199.8929131201
0.4279835390946502,0.0,0.7482014388489209,0.0,0.0,0.0,3.0,0,0.5834889821152189,0.560173640273652,,4258.604744058102
0.9140611199434728,0.8305558296289771,0.9328537170263788,0.8290598290598291,0.923809523809524,0.8738738738738738,7.0,0,0.2844985758132757,0.2127565624261344,,4264.645085521042
0.9716268626250256,0.9432729039764592,0.9784172661870504,0.9532710280373832,0.9622641509433962,0.9577464788732394,1.0,8,0.0512540059481212,0.0721534510074114,,4281.583972091088
0.9103280904399116,0.8207290308767613,0.9328537170263788,0.8737864077669902,0.8571428571428571,0.8653846153846154,5.0,3,0.270726380444793,0.2058582014210944,,4295.81636654702
0.9447535771065184,0.8920424403652509,0.9568345323741008,0.8717948717948718,0.9714285714285714,0.918918918918919,7.0,1,0.0981888489718449,0.1070306584307992,,4353.7870080531575
0.4279835390946502,0.0,0.7482014388489209,0.0,0.0,0.0,3.0,1,0.5705593813266328,0.5597633393305652,,4357.183381816139
0.9582322076601252,0.9169537179185628,0.9688249400479616,0.9603960396039604,0.9150943396226416,0.9371980676328504,1.0,9,0.0432431019743547,0.0963376402915282,,4368.38139477605
0.925619450153166,0.8517130560363969,0.9448441247002398,0.91,0.8666666666666667,0.8878048780487805,5.0,4,0.2219508730137208,0.1635741988934998,,4391.798480222002
0.9625134843581444,0.9256974732939866,0.9712230215827338,0.918918918918919,0.9714285714285714,0.9444444444444444,7.0,2,0.0435383027954463,0.0945255015804259,,4436.982342006173
0.4279835390946502,0.0,0.7482014388489209,0.0,0.0,0.0,3.0,2,0.5718684679091867,0.559828278591048,,4454.997529528104
0.7451489686783804,0.566009757381109,0.8465227817745803,0.9375,0.4245283018867924,0.5844155844155844,2.0,0,0.5297436588622154,0.4345769589697873,,4461.869458479108
0.9460719800993512,0.8921627364086917,0.9592326139088728,0.9150943396226416,0.923809523809524,0.919431279620853,5.0,5,0.1716488843271409,0.1288441057615685,,4487.846638023155
0.9595112369201352,0.9199263777578258,0.9688249400479616,0.9107142857142856,0.9714285714285714,0.9400921658986175,7.0,3,0.0183177719328631,0.1077550769981893,,4525.71833500918
0.8088218949708252,0.6311289763353912,0.841726618705036,0.644927536231884,0.839622641509434,0.7295081967213115,2.0,1,0.3263393417159294,0.3516010526153776,,4548.944142093184
0.4279835390946502,0.0,0.7482014388489209,0.0,0.0,0.0,3.0,3,0.5688961544461342,0.5598350707090126,,4552.52131787804
0.945380579247856,0.89093426978122,0.9592326139088728,0.931372549019608,0.9047619047619048,0.9178743961352656,5.0,6,0.1290144733786742,0.1198203869269422,,4578.545650898013
0.9511709601873536,0.9057853112788484,0.9616306954436452,0.8739495798319328,0.9904761904761904,0.9285714285714286,7.0,4,0.0117321980433498,0.1801043982289869,,4614.459130636184
0.8812927004674578,0.7628520542140823,0.9088729016786572,0.8090909090909091,0.839622641509434,0.8240740740740741,2.0,2,0.2401176850846473,0.2361181770209912,,4636.562420365168
0.4279835390946502,0.0,0.7482014388489209,0.0,0.0,0.0,4.0,0,0.5866124799161323,0.5614610078199854,,4655.911306589143
0.9551640452199558,0.910405543739545,0.9664268585131894,0.941747572815534,0.923809523809524,0.9326923076923076,5.0,7,0.1041207871248901,0.1119424372841164,,4673.828876272077
0.9657402773939608,0.932391747860023,0.973621103117506,0.9196428571428572,0.9809523809523808,0.9493087557603688,7.0,5,0.0104039505403984,0.1169914116358591,,4702.964267173084
0.902008397042236,0.8058889822780134,0.9280575539568344,0.8958333333333334,0.8113207547169812,0.8514851485148515,2.0,3,0.1625718389261276,0.1779478591073442,,4723.473555298056
0.4279835390946502,0.0,0.7482014388489209,0.0,0.0,0.0,4.0,1,0.572830610088448,0.5614004663701327,,4754.132442512084
0.941516021642689,0.8851647046341591,0.9544364508393284,0.8706896551724138,0.961904761904762,0.9140271493212668,5.0,8,0.0766284746804963,0.127177019120317,,4769.910317168105
0.9627368044799238,0.9266524590903934,0.9712230215827338,0.911504424778761,0.9809523809523808,0.944954128440367,7.0,6,0.0083881480017419,0.1365138084748414,,4792.576940536033
0.9270385613108868,0.8540954222694893,0.9448441247002398,0.8952380952380953,0.8867924528301887,0.8909952606635071,2.0,4,0.1112194881715039,0.1221319400119008,,4811.305263374001
0.4279835390946502,0.0,0.7482014388489209,0.0,0.0,0.0,4.0,2,0.5721248585278037,0.5617917989784816,,4852.408709333977
0.9500179791441928,0.900695637330154,0.9616306954436452,0.9009009009009008,0.9523809523809524,0.925925925925926,5.0,9,0.0649886663510664,0.1139879093400009,,4865.124253168004
0.953828438138965,0.909824068086238,0.9640287769784172,0.8879310344827587,0.9809523809523808,0.9321266968325792,7.0,7,0.0091237376138141,0.1569881259800038,,4880.892649166053
0.9227777777777776,0.8533540043109126,0.9376498800959232,0.8125,0.981132075471698,0.8888888888888888,2.0,5,0.0915225337556702,0.1501813201509692,,4898.51555349608
0.4279835390946502,0.0,0.7482014388489209,0.0,0.0,0.0,4.0,3,0.5726659326855816,0.5711873016267452,,4945.158947127173
0.4279835390946502,0.0,0.7482014388489209,0.0,0.0,0.0,6.0,0,0.5528616147127741,0.506032479259203,,4960.288239590125
0.9622851974675912,0.9248718086660384,0.9712230215827338,0.926605504587156,0.961904761904762,0.9439252336448598,7.0,8,0.0039252898198839,0.1612833684511888,,4969.428997126175
0.9464062960694926,0.8928311495576102,0.9592326139088728,0.9158878504672896,0.9245283018867924,0.92018779342723,2.0,6,0.0661161343388734,0.0954108742686609,,4985.234637086978
0.4279835390946502,0.0,0.7482014388489209,0.0,0.0,0.0,5.0,0,0.5737280584474617,0.5600444151545471,,5049.4985371641815
0.7874772479068075,0.6205267598596619,0.8657074340527577,0.9152542372881356,0.5142857142857142,0.6585365853658537,6.0,1,0.4554967603513172,0.3563732254617619,,5055.476548413979
0.919088186097172,0.8386470159626834,0.939903846153846,0.9,0.8571428571428571,0.8780487804878049,8.0,0,0.2902230540647151,0.1409670060070661,,5058.637503948063
0.9421784345922276,0.8872742782851183,0.9544364508393284,0.865546218487395,0.9716981132075472,0.9155555555555556,2.0,7,0.0562250440860999,0.1087679502519744,,5072.465234426083
0.4279835390946502,0.0,0.7482014388489209,0.0,0.0,0.0,5.0,1,0.5760369412998146,0.5649624033918921,,5147.642137979157
0.9411234515482656,0.8836919733652528,0.9543269230769232,0.8771929824561403,0.9523809523809524,0.91324200913242,8.0,1,0.0952699234174128,0.11040147440508,,5148.014295776142
0.8656572164948453,0.7361133688743108,0.9040767386091128,0.8651685393258427,0.7333333333333333,0.7938144329896907,6.0,2,0.3281163491769386,0.2604987627633338,,5151.808614898007
0.9488325092930094,0.9025969208203594,0.9592326139088728,0.8617886178861789,1.0,0.925764192139738,2.0,8,0.0532564007736584,0.1183298573725753,,5159.23341608909
0.960178783126054,0.9233823806972224,0.96875,0.8898305084745762,1.0,0.9417040358744396,8.0,2,0.0337710717316479,0.1241527849163573,,5236.838881551987
0.4279835390946502,0.0,0.7482014388489209,0.0,0.0,0.0,5.0,2,0.5732582133334837,0.5612676053676965,,5245.077500249026
0.953828438138965,0.9091068516249614,0.9640287769784172,0.8956521739130435,0.9716981132075472,0.9321266968325792,2.0,9,0.0450429588536474,0.1092442760278505,,5246.198448571144
0.889563019140484,0.7834683873541194,0.920863309352518,0.9,0.7714285714285715,0.8307692307692308,6.0,3,0.2642046261880634,0.2376637895995716,,5247.8938734610565
0.9556908094948264,0.9114573537536754,0.966346153846154,0.9252336448598132,0.9428571428571428,0.9339622641509434,8.0,3,0.0205609858982225,0.1198133942133818,,5321.01321293111
0.5775465094860932,0.3553670135025397,0.7889688249400479,1.0,0.1619047619047619,0.2786885245901639,3.0,0,0.546310936897359,0.4180575515385027,,5339.6257843761705
0.4279835390946502,0.0,0.7482014388489209,0.0,0.0,0.0,5.0,3,0.571444246751159,0.5597785154603562,,5342.44279620098
0.8944209460264506,0.7899171174624054,0.9184652278177458,0.8141592920353983,0.8761904761904762,0.8440366972477065,6.0,4,0.213948626210218,0.1936804207287869,,5343.291388982208
0.9716034494527748,0.9433798135925944,0.9783653846153846,0.9444444444444444,0.9714285714285714,0.9577464788732394,8.0,4,0.0098763582165392,0.0928645910619077,,5409.812794176163
0.8601501431777726,0.7436256296567096,0.9064748201438848,0.9583333333333334,0.6571428571428571,0.7796610169491526,3.0,1,0.3477606736599131,0.2578537555204497,,5426.814558692044
0.8888468013468014,0.7912142553467862,0.9088729016786572,0.7481481481481481,0.961904761904762,0.8416666666666667,6.0,5,0.1680259781855859,0.2019227747014671,,5435.5580583771225
0.4279835390946502,0.0,0.7482014388489209,0.0,0.0,0.0,6.0,0,0.5809499020896741,0.5617033833602689,,5445.923143272055
0.9629233511586452,0.9276719784358892,0.971153846153846,0.9043478260869564,0.9904761904761904,0.9454545454545454,8.0,5,0.0047229642993423,0.1288307461184628,,5498.703516107984
0.9115088066775128,0.8245645046272974,0.935251798561151,0.90625,0.8285714285714286,0.8656716417910447,3.0,2,0.2510263916184293,0.1936687849875953,,5514.40855137608
0.932084690553746,0.8659194240964373,0.947242206235012,0.8608695652173913,0.9428571428571428,0.9,6.0,6,0.1307522389890828,0.1362474893817221,,5531.260027099168
0.4279835390946502,0.0,0.7482014388489209,0.0,0.0,0.0,6.0,1,0.5724789729949508,0.5597605620915035,,5543.845806151163
0.96571128844929,0.9323353178502723,0.9735576923076924,0.9196428571428572,0.9809523809523808,0.9493087557603688,8.0,6,0.003201739980958,0.1187334876270212,,5587.312414661981
0.904020492259717,0.8094127766196875,0.9256594724220624,0.8245614035087719,0.8952380952380953,0.8584474885844748,3.0,3,0.189849665713437,0.1735805330315122,,5601.7319115481805
0.9441052067198856,0.8893610022827603,0.9568345323741008,0.8849557522123894,0.9523809523809524,0.9174311926605504,6.0,7,0.1014741632346707,0.1172863358614157,,5627.208711778978
0.4279835390946502,0.0,0.7482014388489209,0.0,0.0,0.0,6.0,2,0.5699298135888602,0.5597511934784224,,5642.005215545185
0.9655045041649392,0.9314799662404962,0.9735576923076924,0.9272727272727272,0.9714285714285714,0.9488372093023256,8.0,7,0.001780197607165,0.1264070834966752,,5676.10089944303
0.9316356085031968,0.8642208579259372,0.9496402877697842,0.9285714285714286,0.8666666666666667,0.896551724137931,3.0,4,0.1300448907024048,0.1110971835441887,,5683.045558130136
0.9467332907540292,0.8939253516225749,0.9592326139088728,0.9,0.9428571428571428,0.9209302325581395,6.0,8,0.0775340846640421,0.1142510302619622,,5723.60381147312
0.4279835390946502,0.0,0.7482014388489209,0.0,0.0,0.0,6.0,3,0.5684390185929057,0.566199133137487,,5739.778798372019
0.9514909457520648,0.903473079990516,0.9640287769784172,0.95,0.9047619047619048,0.926829268292683,3.0,5,0.095718501516162,0.0888595478954138,,5770.620296799112
0.924963924963925,0.8505669600191846,0.9423076923076924,0.8648648648648649,0.9142857142857144,0.8888888888888888,9.0,0,0.3072121142389926,0.1326572698039504,,5770.807969716145
0.950315739306565,0.9017914878853046,0.9616306954436452,0.8938053097345132,0.961904761904762,0.926605504587156,6.0,9,0.0674691553900777,0.1142748227070595,,5818.354489207035
0.4279835390946502,0.0,0.7482014388489209,0.0,0.0,0.0,7.0,0,0.5793430213925681,0.5608597723942883,,5837.064858486177
0.9557271127828671,0.9115298356309568,0.9664268585131894,0.9252336448598132,0.9428571428571428,0.9339622641509434,3.0,6,0.0753458572829023,0.0787282689060601,,5858.242839370156
0.9554126473740622,0.9108252947481243,0.966346153846154,0.9333333333333332,0.9333333333333332,0.9333333333333332,9.0,1,0.0887083195823621,0.0976096507197675,,5859.92115957709
0.4279835390946502,0.0,0.7482014388489209,0.0,0.0,0.0,7.0,0,0.5720938089559836,0.5279959800108424,,5916.936601762194
0.4279835390946502,0.0,0.7482014388489209,0.0,0.0,0.0,7.0,1,0.5712716271564651,0.5608102161929293,,5935.401831489056
0.9447535771065184,0.8920424403652509,0.9568345323741008,0.8717948717948718,0.9714285714285714,0.918918918918919,3.0,7,0.0575490218131466,0.1232073479849431,,5945.76312940917
0.9581990338164252,0.9165744544017282,0.96875,0.9509803921568628,0.923809523809524,0.9371980676328504,9.0,2,0.0343871122206303,0.1024002426733764,,5949.37554919906
0.7647069530396797,0.5729693882622572,0.8513189448441247,0.864406779661017,0.4857142857142857,0.6219512195121951,7.0,1,0.4745317409986626,0.3924313893295684,,6012.489311773097
0.9565262718932444,0.9142219734878492,0.9664268585131894,0.9026548672566372,0.9714285714285714,0.9357798165137616,3.0,8,0.0521815231565306,0.0901788874546548,,6032.60172039899
0.4279835390946502,0.0,0.7482014388489209,0.0,0.0,0.0,7.0,2,0.5706862053955033,0.5598119064322058,,6033.427966299001
0.9579258567705294,0.9163479421632348,0.96875,0.96,0.9142857142857144,0.9365853658536586,9.0,3,0.0214373064207586,0.0897905197836315,,6038.342248537112
0.8147764287829434,0.6310289969149777,0.8561151079136691,0.6956521739130435,0.7619047619047619,0.7272727272727273,7.0,2,0.3319025434283559,0.323222214953517,,6108.494924728992
0.9657402773939608,0.932391747860023,0.973621103117506,0.9196428571428572,0.9809523809523808,0.9493087557603688,3.0,9,0.0490935438550374,0.0772931398737623,,6120.067395620048
0.9643988018827556,0.9292980965299936,0.9735576923076924,0.97,0.923809523809524,0.946341463414634,9.0,4,0.0148455987364905,0.0844338627805252,,6123.7335612541065
0.4279835390946502,0.0,0.7482014388489209,0.0,0.0,0.0,7.0,3,0.5708700819437438,0.570795993759947,,6131.296131421113
0.8489229958500757,0.7070967534763904,0.894484412470024,0.8674698795180723,0.6857142857142857,0.7659574468085106,7.0,3,0.2674096945180758,0.2667175361992053,,6203.087117745075
0.9741927479140172,0.948707799691322,0.9807692307692308,0.9801980198019802,0.9428571428571428,0.9611650485436892,9.0,5,0.0105202715524393,0.0857195108546875,,6210.622805497143
0.7177046830200702,0.532109180288783,0.8369304556354916,0.951219512195122,0.3714285714285714,0.5342465753424658,4.0,0,0.523534686261035,0.3958148920425662,,6213.300907565048
0.4277854195323246,0.0,0.7475961538461539,0.0,0.0,0.0,8.0,0,0.5765174975209653,0.5666739510802122,,6230.752360097133
0.8889428499812007,0.7790605919489414,0.9184652278177458,0.865979381443299,0.8,0.8316831683168316,7.0,4,0.220325496015963,0.2271470464414583,,6298.680948843015
0.9743589743589745,0.9487975023164285,0.9807692307692308,0.970873786407767,0.9523809523809524,0.9615384615384616,9.0,6,0.0031599664406732,0.0945550330876498,,6299.545769274002
0.8300541946672447,0.6855290322538191,0.8872901678657075,0.9142857142857144,0.6095238095238096,0.7314285714285714,4.0,1,0.3141423186406176,0.291079772774268,,6300.650230651023
0.4277854195323246,0.0,0.7475961538461539,0.0,0.0,0.0,8.0,1,0.5704343931348339,0.5696813094501312,,6329.082295833156
0.8968523900810093,0.7939942587514909,0.9232613908872902,0.8613861386138614,0.8285714285714286,0.8446601941747572,4.0,2,0.2345551603493538,0.1964315734803676,,6388.113384533208
0.9646299516908212,0.9294377892992088,0.9735576923076924,0.9607843137254902,0.9333333333333332,0.9468599033816424,9.0,7,0.004122279262346,0.0897072859387173,,6388.2570312130265
0.897220832181882,0.7952726767358549,0.920863309352518,0.8214285714285714,0.8761904761904762,0.847926267281106,7.0,5,0.1764620645825606,0.1913995764235843,,6394.56497656717
0.4277854195323246,0.0,0.7475961538461539,0.0,0.0,0.0,8.0,2,0.5696972738514577,0.567188503077397,,6426.982112803031
0.9295434996313592,0.8591618221036686,0.947242206235012,0.9029126213592232,0.8857142857142857,0.8942307692307693,4.0,3,0.1750091648640784,0.1291825364481795,,6476.024784496985
0.970871746994982,0.942248250896752,0.9783653846153846,0.98,0.9333333333333332,0.9560975609756096,9.0,8,0.0043637343232787,0.1195315431278476,,6476.498363537015
0.9221369940771832,0.8451341571446432,0.9400479616306956,0.8571428571428571,0.9142857142857144,0.8847926267281107,7.0,6,0.1275826385046151,0.158358856490901,,6490.787198677193
0.4277854195323246,0.0,0.7475961538461539,0.0,0.0,0.0,8.0,3,0.5704128930627156,0.5693084904207633,,6524.556669138139
0.9497135966234548,0.8997236902379124,0.9616306954436452,0.908256880733945,0.9428571428571428,0.9252336448598132,4.0,4,0.1210922863849617,0.1103947878021884,,6564.004137896001
0.9648559601250316,0.9297314403725796,0.9735576923076924,0.9519230769230768,0.9428571428571428,0.9473684210526316,9.0,9,0.0089065191825168,0.1240700708037296,,6564.907737459987
0.9423537724256574,0.8847836829216068,0.9568345323741008,0.9223300970873788,0.9047619047619048,0.9134615384615384,7.0,7,0.1028099134117603,0.1215108733817513,,6581.086997148115
0.4277854195323246,0.0,0.7475961538461539,0.0,0.0,0.0,9.0,0,0.5829538822110528,0.5651060142196142,,6628.952824435197
0.9565262718932444,0.9142219734878492,0.9664268585131894,0.9026548672566372,0.9714285714285714,0.9357798165137616,4.0,5,0.0977803623402847,0.0981371660923792,,6650.632791006006
0.9229722658294086,0.8505110847362938,0.9447115384615384,0.9555555555555556,0.819047619047619,0.882051282051282,10.0,0,0.299766457714933,0.1331655251292082,,6655.370691373013
0.9393048439683278,0.882993406438417,0.9520383693045564,0.8512396694214877,0.9809523809523808,0.911504424778761,7.0,8,0.0800402085237236,0.1504952152751667,,6676.4645001310855
0.4277854195323246,0.0,0.7475961538461539,0.0,0.0,0.0,9.0,1,0.5690332097348882,0.5649983710967578,,6727.619948715204
0.9592666341060224,0.9189996375423688,0.9688249400479616,0.9181818181818182,0.961904761904762,0.9395348837209302,4.0,6,0.0760911093390685,0.0742911703936341,,6737.889559759991
0.9612891218710258,0.9228951541063396,0.971153846153846,0.9603960396039604,0.923809523809524,0.941747572815534,10.0,1,0.1087828553460062,0.0711572780273854,,6744.606978225056
0.9627368044799238,0.9266524590903934,0.9712230215827338,0.911504424778761,0.9809523809523808,0.944954128440367,7.0,9,0.0624247432124417,0.1028083062045416,,6772.460625146981
0.4277854195323246,0.0,0.7475961538461539,0.0,0.0,0.0,9.0,2,0.5682843860024328,0.5649907222160926,,6824.3487747060135
0.9651053988878154,0.930230050547894,0.973621103117506,0.9433962264150944,0.9523809523809524,0.9478672985781992,4.0,7,0.0579805298252625,0.0636869052261183,,6825.141686441144
0.977194232772326,0.9553995289710328,0.9831730769230768,1.0,0.9333333333333332,0.9655172413793104,10.0,2,0.0458887131547832,0.0525635762337165,,6833.66195350606
0.4277854195323246,0.0,0.7475961538461539,0.0,0.0,0.0,8.0,0,0.5683170493477697,0.5320045397831843,,6869.428021326195
0.9716268626250256,0.9434263540105476,0.9784172661870504,0.9444444444444444,0.9714285714285714,0.9577464788732394,4.0,8,0.0505180823151022,0.0579179232957324,,6912.697549247183
0.4277854195323246,0.0,0.7475961538461539,0.0,0.0,0.0,9.0,3,0.5689433782911504,0.5659575960957087,,6922.241534989094
0.960506329113924,0.9230737750517036,0.971153846153846,0.9894736842105264,0.8952380952380953,0.94,10.0,3,0.0164612348250886,0.1117947471480315,,6922.580810703104
0.7968088570498209,0.6351867408064126,0.8701923076923077,0.918032786885246,0.5333333333333333,0.6746987951807228,8.0,1,0.4781564698099836,0.3850298225879669,,6958.999130228069
0.9689473370666032,0.9390829446929376,0.9760191846522782,0.9203539823008848,0.9904761904761904,0.9541284403669724,4.0,9,0.0376134314930977,0.0713352739371152,,7000.344746529125
0.9774917874396136,0.95516445909417,0.9831730769230768,0.9803921568627452,0.9523809523809524,0.966183574879227,10.0,4,0.0150240909209118,0.0667226788086386,,7006.300093000056
0.4277854195323246,0.0,0.7475961538461539,0.0,0.0,0.0,10.0,0,0.5855453640286093,0.5755299077584193,,7026.543778322171
0.8549547138907133,0.7152851912199361,0.8966346153846154,0.8522727272727273,0.7142857142857143,0.7772020725388601,8.0,2,0.339716025665879,0.275538465867822,,7054.517596357036
0.6145296194411343,0.4068135783409938,0.8009592326139089,1.0,0.2095238095238095,0.3464566929133858,5.0,0,0.5414762009965612,0.422785539318014,,7093.346347035142
0.9774917874396136,0.95516445909417,0.9831730769230768,0.9803921568627452,0.9523809523809524,0.966183574879227,10.0,5,0.0212777486157682,0.0415668544077421,,7094.948160454165
0.4277854195323246,0.0,0.7475961538461539,0.0,0.0,0.0,10.0,1,0.5723059724833666,0.5677004373417451,,7124.794111004099
0.8859711638616303,0.7728335188415199,0.9158653846153846,0.8571428571428571,0.8,0.8275862068965517,8.0,3,0.2764059866605791,0.2322335407997553,,7151.462034806144
0.8370540265035677,0.6921526530147053,0.8896882494004796,0.8933333333333333,0.638095238095238,0.7444444444444445,5.0,1,0.3414486417427976,0.2432668714059723,,7176.719074306078
0.9545751633986927,0.9104219775897447,0.9664268585131894,0.9693877551020408,0.8962264150943396,0.931372549019608,1.0,0,0.2235992154352732,0.1072455107120199,,7198.620625755983
0.4277854195323246,0.0,0.7475961538461539,0.0,0.0,0.0,10.0,2,0.5729909594824065,0.565201447560237,,7221.945212207036
0.8987218502738892,0.7975137719160929,0.9230769230769232,0.8411214953271028,0.8571428571428571,0.8490566037735849,8.0,4,0.2359666878393273,0.2003096512590463,,7247.509682591073
0.9216067176337888,0.844444858511496,0.9424460431654677,0.9175257731958762,0.8476190476190476,0.8811881188118812,5.0,2,0.2366274634257276,0.1701794797899546,,7263.767865084112
0.9681776556776556,0.9364331156820976,0.9760191846522782,0.9615384615384616,0.9433962264150944,0.9523809523809524,1.0,1,0.0788535156728092,0.0825084527121979,,7296.967619443079
0.4277854195323246,0.0,0.7475961538461539,0.0,0.0,0.0,10.0,3,0.5710488089811064,0.5650291591882706,,7319.959940405097
0.9245077579167044,0.8493026597792845,0.9423076923076924,0.8715596330275229,0.9047619047619048,0.8878504672897196,8.0,5,0.1921325789204538,0.1707399909097988,,7338.7838768451475
0.929086018180694,0.8584749796947354,0.947242206235012,0.9108910891089108,0.8761904761904762,0.8932038834951457,5.0,3,0.1652098720536587,0.1323928852324132,,7350.163121829042
0.9716268626250256,0.9432729039764592,0.9784172661870504,0.9532710280373832,0.9622641509433962,0.9577464788732394,1.0,2,0.0413609197188137,0.0874306349951954,,7396.156848801998
0.91027898859661,0.8249739766340676,0.935251798561151,0.934065934065934,0.8018867924528302,0.8629441624365483,1.0,0,0.3620308337070174,0.1694652533956936,,7405.568023124011
0.9434277962013868,0.8871496310238496,0.9568345323741008,0.8990825688073395,0.9333333333333332,0.9158878504672896,5.0,4,0.1164454807269763,0.11576993715156,,7437.196244099177
0.9299341601592406,0.859868320318481,0.9471153846153846,0.8952380952380953,0.8952380952380953,0.8952380952380953,8.0,6,0.1486622014644939,0.1329257185749996,,7437.761696674162
0.9615691816171048,0.9234508643914238,0.9712230215827338,0.9607843137254902,0.9245283018867924,0.9423076923076924,1.0,1,0.1271953338409884,0.0838108717330864,,7486.5743670940865
0.9545751633986927,0.9104219775897447,0.9664268585131894,0.9693877551020408,0.8962264150943396,0.931372549019608,1.0,3,0.0326210593364498,0.0811156221151457,,7494.868831707165
0.9500179791441928,0.900695637330154,0.9616306954436452,0.9009009009009008,0.9523809523809524,0.925925925925926,5.0,5,0.0795466571967018,0.1274329039302689,,7524.012664512033
0.9430310407790627,0.8861365577897682,0.9567307692307692,0.9065420560747663,0.923809523809524,0.9150943396226416,8.0,7,0.1173751865948504,0.1077107307322036,,7536.894602218177
0.9597505290121394,0.920394748054791,0.9688249400479616,0.911504424778761,0.9716981132075472,0.9406392694063926,1.0,2,0.0530636679317991,0.0914433262577014,,7566.859536216129
0.9748567983117274,0.94979016590205,0.9808153477218226,0.9537037037037036,0.9716981132075472,0.9626168224299064,1.0,4,0.0388375559035114,0.0494251712697628,,7592.557547140168
0.9521148325358852,0.9042488286560928,0.9640287769784172,0.9326923076923076,0.923809523809524,0.9282296650717704,5.0,6,0.0654147030211034,0.1085480528676675,,7611.225265467074
0.9427607233121148,0.8916512816625382,0.9543269230769232,0.8467741935483871,1.0,0.9170305676855895,8.0,8,0.0879077111333132,0.1354631109055704,,7635.860995342024
0.9687612369651204,0.9378227960716948,0.9760191846522782,0.9363636363636364,0.9716981132075472,0.9537037037037036,1.0,3,0.0266731740764768,0.0876291442795523,,7647.620567098027
0.9712688995215312,0.942714680692171,0.9784172661870504,0.970873786407767,0.9433962264150944,0.9569377990430622,1.0,5,0.0104206653279828,0.1180695595833657,,7691.082710830029
0.955448717948718,0.910897435897436,0.9664268585131894,0.9333333333333332,0.9333333333333332,0.9333333333333332,5.0,7,0.0511680446366997,0.1117219576543128,,7698.292247034144
0.9779320042639088,0.9558833425811714,0.9832134292565948,0.9626168224299064,0.9716981132075472,0.9671361502347418,1.0,4,0.0157478169470993,0.0725602601555043,,7729.115491362987
0.9689208977079162,0.9390320962728748,0.9759615384615384,0.9203539823008848,0.9904761904761904,0.9541284403669724,8.0,9,0.0727461132911969,0.0896009727954291,,7734.328436992131
0.9562657317511688,0.9131965553120702,0.9664268585131894,0.90990990990991,0.961904761904762,0.9351851851851852,5.0,8,0.0464608491913593,0.1127272120987375,,7785.78076961101
0.9714498718173036,0.9429191552609616,0.9784172661870504,0.961904761904762,0.9528301886792452,0.957345971563981,1.0,6,0.0072146119958472,0.1187839224211924,,7788.465411710087
0.9689473370666032,0.9385628144826008,0.9760191846522782,0.9285714285714286,0.981132075471698,0.9541284403669724,1.0,5,0.0124354344157312,0.0974366352394489,,7804.594793026103
0.4277854195323246,0.0,0.7475961538461539,0.0,0.0,0.0,9.0,0,0.5645675568311199,0.5217863235336083,,7839.562277027173
0.952711437708376,0.9055913098075856,0.9640287769784172,0.9166666666666666,0.9428571428571428,0.9295774647887324,5.0,9,0.0368056682384315,0.1178357084454209,,7872.953467501095
0.9807845908085524,0.9618895757560896,0.9856115107913668,0.9901960784313726,0.9528301886792452,0.971153846153846,1.0,7,0.012282911780117,0.1060826183941417,,7880.951674015028
0.9629552857565886,0.9270761534341132,0.9712230215827338,0.912280701754386,0.981132075471698,0.9454545454545454,1.0,6,0.0048445262314783,0.1265386293775268,,7885.001312306151
0.8135398737808376,0.6653093022889196,0.8798076923076923,0.9365079365079364,0.5619047619047619,0.7023809523809523,9.0,1,0.4641546772868394,0.3535786944513137,,7939.561241640011
0.965942755317964,0.9327863345959349,0.973621103117506,0.9203539823008848,0.981132075471698,0.9497716894977168,1.0,7,0.0051126314260033,0.1196163711969607,,7965.288320156978
0.7798871496177648,0.604674302660527,0.8609112709832134,0.8983050847457628,0.5047619047619047,0.6463414634146342,6.0,0,0.5336358146464572,0.407834451507639,,7965.6803033892065
0.8884280936454849,0.7933791477244624,0.9232613908872902,0.9743589743589745,0.7169811320754716,0.8260869565217391,1.0,8,0.0288683983863074,0.2512752044581334,,7979.077828448033
0.8423804592184698,0.6991491848670482,0.8918269230769231,0.8846153846153846,0.6571428571428571,0.7540983606557377,9.0,2,0.3243574398730609,0.2623201716834536,,8032.196824829094
0.8997479545542673,0.8003922066668704,0.9256594724220624,0.8787878787878788,0.8207547169811321,0.848780487804878,2.0,0,0.3702292953759937,0.2016929930874279,,8051.896737864008
0.8599417823555755,0.7234726759305375,0.8992805755395683,0.8461538461538461,0.7333333333333333,0.7857142857142857,6.0,1,0.3373441558886081,0.2441537416091671,,8052.732497945195
0.9599846463871028,0.9214308188928528,0.9688249400479616,0.9043478260869564,0.981132075471698,0.9411764705882352,1.0,9,0.1137325629735413,0.1032604021195954,,8077.1306366832
0.891761477872129,0.7850287233363009,0.9206730769230768,0.875,0.8,0.835820895522388,9.0,3,0.2594166112892917,0.2067169288818079,,8131.016920399154
0.933602570783394,0.8715095899050587,0.947242206235012,0.8442622950819673,0.9716981132075472,0.9035087719298246,2.0,1,0.1293860638545731,0.1287983911378043,,8132.870291582076
0.8907487191429901,0.7856031398286649,0.9136690647482014,0.7851239669421488,0.9047619047619048,0.8407079646017699,6.0,2,0.2280218800807253,0.1925289850957967,,8133.320191865088
0.9099481716095594,0.8251247104957449,0.9280575539568344,0.8064516129032258,0.9433962264150944,0.8695652173913043,2.0,0,0.2124918684515276,0.1629316035376967,,8182.223860278027
0.9485517711863792,0.9009802194001888,0.9592326139088728,0.8677685950413223,0.9905660377358492,0.9251101321585904,2.0,2,0.0491222980100724,0.1205279185835804,,8214.41001110198
0.9434277962013868,0.8871496310238496,0.9568345323741008,0.8990825688073395,0.9333333333333332,0.9158878504672896,6.0,3,0.1647194439822689,0.1179915473416999,,8219.602254463127
0.8813741277509393,0.7768317296248921,0.9182692307692308,0.9493670886075948,0.7142857142857143,0.8152173913043478,9.0,4,0.2042431218791872,0.2072603245122501,,8229.405734155094
0.9535583027063148,0.9080031615136472,0.9640287769784172,0.9026548672566372,0.9622641509433962,0.9315068493150684,2.0,1,0.106110694817454,0.1281344624816106,,8280.87072524312
0.953828438138965,0.9091068516249614,0.9640287769784172,0.8956521739130435,0.9716981132075472,0.9321266968325792,2.0,3,0.0270746833116005,0.1136464230450136,,8295.461055135122
0.9412050382253416,0.8836754184490287,0.9568345323741008,0.9484536082474226,0.8761904761904762,0.9108910891089108,6.0,4,0.1139248515380189,0.1115953543361414,,8306.469746435061
0.9303712720632988,0.860815761825861,0.9471153846153846,0.8878504672897196,0.9047619047619048,0.8962264150943396,9.0,5,0.1516417418497362,0.1485516722314059,,8327.983240070054
0.9631690514043456,0.9281400203355664,0.9712230215827338,0.9051724137931034,0.9905660377358492,0.945945945945946,2.0,4,0.0214988912132142,0.0977728435370538,,8375.396737314994
0.9508920685391272,0.9035578241095872,0.9616306954436452,0.8879310344827587,0.9716981132075472,0.927927927927928,2.0,2,0.0698350975757836,0.1049318273226677,,8379.962024391163
0.9620518109567432,0.9241798603067458,0.9712230215827338,0.9345794392523364,0.9523809523809524,0.9433962264150944,6.0,5,0.0853099507140986,0.0866296867736511,,8393.002256164094
0.9290300567635472,0.8583635401438833,0.9471153846153846,0.9108910891089108,0.8761904761904762,0.8932038834951457,9.0,6,0.1199913489997688,0.1429144804759954,,8427.952379722148
0.9751578696532824,0.9509891763583708,0.9808153477218226,0.9375,0.9905660377358492,0.963302752293578,2.0,5,0.0154496210122133,0.0584264206700027,,8456.316472294042
0.9424990383847768,0.8888445318298577,0.9544364508393284,0.859504132231405,0.981132075471698,0.9162995594713657,2.0,3,0.0342496309952779,0.177525710905924,,8478.225806787144
0.9562657317511688,0.9131965553120702,0.9664268585131894,0.90990990990991,0.961904761904762,0.9351851851851852,6.0,6,0.0633153521911578,0.0778110325767624,,8479.994217546191
0.9315826983169784,0.8641165239062764,0.9495192307692308,0.9285714285714286,0.8666666666666667,0.896551724137931,9.0,7,0.089291812759687,0.151426173092869,,8526.157117951196
0.9812567421790724,0.962818616337068,0.9856115107913668,0.9545454545454546,0.9905660377358492,0.9722222222222222,2.0,6,0.006354709903678,0.0503333093864577,,8537.369738225127
0.9622851974675912,0.9248718086660384,0.9712230215827338,0.926605504587156,0.961904761904762,0.9439252336448598,6.0,7,0.0547029728624731,0.0854340142104774,,8567.037270352012
0.9263193605156584,0.8626211594443083,0.9400479616306956,0.8091603053435115,1.0,0.8945147679324894,2.0,4,0.0242692274267974,0.2153222501774336,,8576.510276251007
0.9843333208100088,0.9688399660699084,0.988009592326139,0.963302752293578,0.9905660377358492,0.9767441860465116,2.0,7,0.0049703301994082,0.0429643412519778,,8618.934433000162
0.92856250780567,0.8578162631757099,0.9471153846153846,0.9191919191919192,0.8666666666666667,0.8921568627450981,9.0,8,0.070235951921281,0.1552227468032819,,8624.56670511514
0.953828438138965,0.909824068086238,0.9640287769784172,0.8879310344827587,0.9809523809523808,0.9321266968325792,6.0,8,0.0472164001553616,0.1032364089300649,,8648.002805464203
0.9565262718932444,0.9142219734878492,0.9664268585131894,0.9026548672566372,0.9714285714285714,0.9357798165137616,3.0,0,0.2092094702436638,0.1192383778189256,,8681.796666494105
0.966140854635241,0.9337547861607444,0.973621103117506,0.9130434782608696,0.9905660377358492,0.9502262443438914,2.0,8,0.0100860271683767,0.0996668566783357,,8700.086772070033
0.9106647284260604,0.8315221308301339,0.9375,0.9759036144578314,0.7714285714285715,0.8617021276595744,9.0,9,0.0556759160123209,0.2084093747320226,,8723.626644166186
0.9627368044799238,0.9266524590903934,0.9712230215827338,0.911504424778761,0.9809523809523808,0.944954128440367,6.0,9,0.0485688523934321,0.0900617784872237,,8734.291508271126
0.9748567983117274,0.94979016590205,0.9808153477218226,0.9537037037037036,0.9716981132075472,0.9626168224299064,2.0,9,0.0025657079956036,0.0785746874379193,,8775.12231394113
0.9740429505135388,0.9488195036435008,0.9808153477218226,0.98989898989899,0.9333333333333332,0.9607843137254902,3.0,1,0.0926015280594955,0.0682915721927716,,8778.444887201069
0.7552201257861635,0.5661202470575467,0.8489208633093526,0.8888888888888888,0.4571428571428571,0.6037735849056604,7.0,0,0.5176289051771163,0.3900664156233823,,8822.45462345099
0.4277854195323246,0.0,0.7475961538461539,0.0,0.0,0.0,10.0,0,0.5629871609622735,0.5075286443416889,,8828.095848895144
0.9271488469601676,0.8571691930866621,0.947242206235012,0.946236559139785,0.8380952380952381,0.8888888888888888,3.0,0,0.3426375914428193,0.1488678540502275,,8857.08245985303
0.9838303152506882,0.9681731099331652,0.988009592326139,1.0,0.9523809523809524,0.975609756097561,3.0,2,0.0503669513085026,0.0607007284921084,,8877.221393186133
0.8455057989690722,0.6956601170529365,0.8896882494004796,0.8314606741573034,0.7047619047619048,0.7628865979381443,7.0,1,0.3145452462295268,0.2760087759406478,,8909.174188142177
0.8106508875739645,0.6571568068829241,0.8774038461538461,0.921875,0.5619047619047619,0.6982248520710059,10.0,1,0.4271125306706947,0.3474299788761597,,8927.173713937169
0.9651053988878154,0.930230050547894,0.973621103117506,0.9433962264150944,0.9523809523809524,0.9478672985781992,3.0,1,0.1206052081059601,0.0935361321483339,,8937.798897166038
0.9540927539210148,0.9111813689252524,0.9640287769784172,0.8813559322033898,0.9904761904761904,0.9327354260089686,3.0,3,0.0392631248687393,0.0734210837410569,,8976.195201982046
0.8861101474094469,0.7741975690998036,0.9112709832134293,0.7931034482758621,0.8761904761904762,0.832579185520362,7.0,2,0.238753783211429,0.2353742956011383,,8995.977606640197
0.9743794544114032,0.9488383349664524,0.9808153477218226,0.970873786407767,0.9523809523809524,0.9615384615384616,3.0,2,0.0617981603747959,0.062642595863768,,9019.201292271027
0.84992784992785,0.7004297560866586,0.8846153846153846,0.7567567567567568,0.8,0.7777777777777778,10.0,2,0.304918447116227,0.3011007960885763,,9025.188286659077
0.9809065934065936,0.9618131868131868,0.9856115107913668,0.9714285714285714,0.9714285714285714,0.9714285714285714,3.0,4,0.0221516138150494,0.0515517162703821,,9074.516021243064
0.906182641575162,0.8170768068569739,0.9256594724220624,0.8032786885245902,0.9333333333333332,0.8634361233480177,7.0,3,0.1810114366735549,0.2132256984434745,,9082.962035881124
0.9675536881419232,0.9358347728168348,0.9760191846522782,0.9797979797979798,0.923809523809524,0.9509803921568628,3.0,3,0.0245893819265509,0.0792459358594247,,9099.914126798045
0.8625611206554777,0.7345927667143118,0.903846153846154,0.891566265060241,0.7047619047619048,0.7872340425531915,10.0,3,0.2492971423783027,0.2391465605738071,,9124.655480558984
0.94736607640049,0.8961865350651431,0.9592326139088728,0.8859649122807017,0.961904761904762,0.9223744292237442,7.0,4,0.1268793283823005,0.1322348526230564,,9170.596052462002
0.9748567983117274,0.9500199270941642,0.9808153477218226,0.944954128440367,0.9809523809523808,0.9626168224299064,3.0,5,0.0267253702261057,0.1083666378499573,,9172.547376086004
0.9809065934065936,0.9618131868131868,0.9856115107913668,0.9714285714285714,0.9714285714285714,0.9714285714285714,3.0,4,0.0148245468933009,0.0682308981195092,,9180.55381571618
0.8938898550724638,0.7879411054269226,0.9206730769230768,0.8529411764705882,0.8285714285714286,0.8405797101449275,10.0,4,0.2074718557353785,0.1959123994725254,,9223.791484757094
0.953828438138965,0.909824068086238,0.9640287769784172,0.8879310344827587,0.9809523809523808,0.9321266968325792,7.0,5,0.0868596458114049,0.1178729440671978,,9252.214334988035
0.9657402773939608,0.932391747860023,0.973621103117506,0.9196428571428572,0.9809523809523808,0.9493087557603688,3.0,5,0.0138389492877048,0.1326298085706574,,9261.198619334027
0.9500179791441928,0.900695637330154,0.9616306954436452,0.9009009009009008,0.9523809523809524,0.925925925925926,4.0,0,0.2445503403477346,0.1252268990809273,,9277.496995822992
0.8976881455976389,0.8035073062130339,0.9278846153846154,0.9411764705882352,0.7619047619047619,0.8421052631578947,10.0,5,0.1640308961304012,0.1726465786341577,,9323.211785905063
0.9622851974675912,0.9248718086660384,0.9712230215827338,0.926605504587156,0.961904761904762,0.9439252336448598,7.0,6,0.0786869341388661,0.0978251117350602,,9338.76501690806
0.9687612369651204,0.9381983912759028,0.9760191846522782,0.927927927927928,0.9809523809523808,0.9537037037037036,3.0,6,0.0064965655279377,0.1266884878277778,,9341.43321094918
0.9446573973597308,0.8902815367960327,0.9592326139088728,0.9489795918367347,0.8857142857142857,0.916256157635468,4.0,1,0.0911905259373776,0.1734372017979797,,9376.473104526987
0.9433808184375284,0.8870561671489923,0.9567307692307692,0.8990825688073395,0.9333333333333332,0.9158878504672896,10.0,6,0.127167869265924,0.1143166227266192,,9421.971372329164
0.9810259054783717,0.9621299343341128,0.9856115107913668,0.9626168224299064,0.9809523809523808,0.9716981132075472,3.0,7,0.0101792991725664,0.0772514407789068,,9422.081909195054
0.9450673302107728,0.8935509163446573,0.9568345323741008,0.865546218487395,0.9809523809523808,0.9196428571428572,7.0,7,0.055508309715685,0.2111437093397533,,9426.114709162151
0.9625134843581444,0.9256974732939866,0.9712230215827338,0.918918918918919,0.9714285714285714,0.9444444444444444,4.0,2,0.0536115535243011,0.0664904475374639,,9475.827309454093
0.9777943447467916,0.9556082599740288,0.9832134292565948,0.9622641509433962,0.9714285714285714,0.966824644549763,3.0,8,0.003027257894292,0.0836108144638793,,9503.639388968004
0.9592666341060224,0.9189996375423688,0.9688249400479616,0.9181818181818182,0.961904761904762,0.9395348837209302,7.0,8,0.043079552312005,0.1068821597188987,,9512.22210980812
0.94034987094924,0.8836291819521143,0.9567307692307692,0.967741935483871,0.8571428571428571,0.9090909090909092,10.0,7,0.0995259426726794,0.1108522108899286,,9521.473111076048
0.9685709978896592,0.9374458678801012,0.9760191846522782,0.9357798165137616,0.9714285714285714,0.9532710280373832,4.0,3,0.0186808512202399,0.1318220589974376,,9574.898773089051
0.9777943447467916,0.9556082599740288,0.9832134292565948,0.9622641509433962,0.9714285714285714,0.966824644549763,3.0,9,0.0018084041401349,0.0869510870293847,,9584.568960057106
0.9618131868131868,0.9236263736263736,0.9712230215827338,0.9428571428571428,0.9428571428571428,0.9428571428571428,7.0,9,0.04325663989925,0.0991268043613268,,9598.915558847131
0.9473417721518989,0.8967083872648584,0.9615384615384616,0.968421052631579,0.8761904761904762,0.92,10.0,8,0.0784770560059656,0.0985812209367465,,9619.433698715176
0.9003998798049142,0.8009623917846318,0.9256594724220624,0.8627450980392157,0.8380952380952381,0.8502415458937198,4.0,0,0.3590714997154171,0.1837724383388246,,9665.77135017002
0.9712688995215312,0.9425574501688014,0.9784172661870504,0.9615384615384616,0.9523809523809524,0.9569377990430622,4.0,4,0.0226409685447098,0.1233976634988343,,9672.67753371806
0.8158386620757501,0.6388138768303419,0.8701923076923077,0.8,0.6476190476190476,0.7157894736842105,8.0,0,0.5387882535127884,0.4393090685972801,,9686.807411893038
0.9504632165567172,0.9034044310894024,0.9639423076923076,0.9787234042553192,0.8761904761904762,0.9246231155778896,10.0,9,0.0556441257436718,0.1044136093293603,,9718.612774254056
0.953828438138965,0.909824068086238,0.9640287769784172,0.8879310344827587,0.9809523809523808,0.9321266968325792,4.0,1,0.1150500662309133,0.0897917316428252,,9742.582326844102
0.9653217209861424,0.9308146726095602,0.973621103117506,0.9351851851851852,0.961904761904762,0.9483568075117372,4.0,5,0.0031108931824124,0.1274906612129169,,9771.576200230978
0.8774155525915817,0.7551129578039533,0.908653846153846,0.8316831683168316,0.8,0.8155339805825242,8.0,1,0.3371442315109232,0.2483490567940932,,9773.689367572078
0.94736607640049,0.8956115749725034,0.9592326139088728,0.8938053097345132,0.9528301886792452,0.9223744292237442,1.0,0,0.272771257740703,0.1304090890227127,,9816.200722909069
0.9625134843581444,0.9256974732939866,0.9712230215827338,0.918918918918919,0.9714285714285714,0.9444444444444444,4.0,2,0.0493637375154737,0.0839838880513395,,9824.958660416072
0.8908484912952523,0.7928398616327806,0.9110576923076924,0.7575757575757576,0.9523809523809524,0.8438818565400844,8.0,2,0.2456700785521497,0.2440466665877745,,9861.335210127989
0.9559993970455232,0.9122977494519754,0.9664268585131894,0.9174311926605504,0.9523809523809524,0.9345794392523364,4.0,6,0.0086339743463847,0.2223471713522537,,9869.604562568013
0.9618131868131868,0.9236263736263736,0.9712230215827338,0.9428571428571428,0.9428571428571428,0.9428571428571428,4.0,3,0.022001820308614,0.0854186503482716,,9907.325427690055
0.4271978021978022,0.0,0.7458033573141487,0.0,0.0,0.0,1.0,1,0.1812640189569681,0.4070694033089913,,9907.893798562
0.9222988505747128,0.8524869351919824,0.9375,0.8110236220472441,0.9809523809523808,0.8879310344827587,8.0,3,0.1823466963828244,0.1747821639650143,,9947.992242506009
0.9646580218662598,0.929493646065472,0.973621103117506,0.9607843137254902,0.9333333333333332,0.9468599033816424,4.0,7,0.0185163643876263,0.1778509962404194,,9967.730013170049
0.9595112369201352,0.9199263777578258,0.9688249400479616,0.9107142857142856,0.9714285714285714,0.9400921658986175,4.0,4,0.0126624629118527,0.1021889194713107,,9989.416809207993
0.4271978021978022,0.0,0.7458033573141487,0.0,0.0,0.0,1.0,2,0.4896567159827719,0.5641428254268788,,9999.879457358038
0.9400517266225246,0.8802693667807908,0.9543269230769232,0.8981481481481481,0.923809523809524,0.9107981220657276,8.0,4,0.1192296380058248,0.1096123879273923,,10029.939066766065
0.9565262718932444,0.9142219734878492,0.9664268585131894,0.9026548672566372,0.9714285714285714,0.9357798165137616,4.0,5,0.0042183697993188,0.1153703850993354,,10071.430143265983
0.9389547650417216,0.878081144353136,0.9544364508393284,0.9215686274509804,0.8952380952380953,0.9082125603864736,5.0,0,0.286636895320412,0.1372382423515379,,10072.316544124158
0.4271978021978022,0.0,0.7458033573141487,0.0,0.0,0.0,1.0,3,0.568777510840842,0.562510993193697,,10085.233717441091
0.931120940464082,0.8638346955631111,0.9495192307692308,0.9375,0.8571428571428571,0.8955223880597015,8.0,5,0.0880820382584599,0.1135233946753522,,10116.414817953017
0.8844670195005861,0.7784661361832057,0.9064748201438848,0.7538461538461538,0.9333333333333332,0.8340425531914893,5.0,0,0.3730188186390925,0.2213676082236426,,10158.492500740103
0.9557271127828671,0.9115298356309568,0.9664268585131894,0.9252336448598132,0.9428571428571428,0.9339622641509434,5.0,1,0.092814621034397,0.1710032930933729,,10171.534722791985
0.4271978021978022,0.0,0.7458033573141487,0.0,0.0,0.0,2.0,0,0.3837236360032507,0.4134147470747983,,10178.196858281037
0.9453255060019276,0.8950774197766351,0.9567307692307692,0.859504132231405,0.9904761904761904,0.9203539823008848,8.0,6,0.0694916680930776,0.1218707537493453,,10202.91658893018
0.9514909457520648,0.903473079990516,0.9640287769784172,0.95,0.9047619047619048,0.926829268292683,5.0,1,0.1510100406357797,0.0983540793614728,,10240.218875634018
0.9518063934539908,0.903787395209304,0.9640287769784172,0.9411764705882352,0.9142857142857144,0.927536231884058,5.0,2,0.0548966040362297,0.1415450504611966,,10269.858532364016
0.7961029009304872,0.5945676501716772,0.8393285371702638,0.6638655462184874,0.7452830188679245,0.7022222222222222,2.0,1,0.3702033487406183,0.401361734640819,,10270.093121437125
0.9652931048867248,0.9307577242302336,0.9735576923076924,0.9351851851851852,0.961904761904762,0.9483568075117372,8.0,7,0.0569061480858858,0.0679754209704697,,10289.324654146098
0.9545751633986927,0.9098653111635028,0.9664268585131894,0.9595959595959596,0.9047619047619048,0.931372549019608,5.0,2,0.0612408026295193,0.0984359750790255,,10321.767635216003
0.7657478840536289,0.5965085859974799,0.8561151079136691,0.9423076923076924,0.4622641509433962,0.620253164556962,2.0,2,0.340146889490016,0.3768767584805135,,10362.12637872598
0.9648842105263158,0.9297879096645651,0.973621103117506,0.9519230769230768,0.9428571428571428,0.9473684210526316,5.0,3,0.0640736123993009,0.1130279109303681,,10368.242858011045
0.9514004497794912,0.9072621184456714,0.9615384615384616,0.8677685950413223,1.0,0.9292035398230089,8.0,8,0.0513004119309814,0.1062591832417708,,10376.309748367174
0.9562657317511688,0.9131965553120702,0.9664268585131894,0.90990990990991,0.961904761904762,0.9351851851851852,5.0,3,0.0342497540227437,0.1050492405359234,,10403.495713689132
0.7753248479844381,0.5612795109114935,0.815347721822542,0.6074074074074074,0.7735849056603774,0.6804979253112033,2.0,3,0.352868714770104,0.4195032666126887,,10455.011195854053
0.9514529116583031,0.9033977877964764,0.9639423076923076,0.95,0.9047619047619048,0.926829268292683,8.0,9,0.044107989287202,0.0826949064727299,,10463.154661669165
0.9408044164037854,0.8836124665387577,0.9568345323741008,0.9578947368421052,0.8666666666666667,0.91,5.0,4,0.0346287116387249,0.1980615835417202,,10465.254112375202
0.9622851974675912,0.9248718086660384,0.9712230215827338,0.926605504587156,0.961904761904762,0.9439252336448598,5.0,4,0.0160183482369313,0.104722810975675,,10485.934637524188
0.4271978021978022,0.0,0.7458033573141487,0.0,0.0,0.0,2.0,4,0.4260462279966537,0.5930454421926428,,10546.206444852054
0.5207082651143048,0.2700987213200721,0.7716346153846154,1.0,0.0952380952380952,0.1739130434782608,9.0,0,0.544426793494123,0.448750478716997,,10551.298296794994
0.9579588196517896,0.916413085979046,0.9688249400479616,0.96,0.9142857142857144,0.9365853658536586,5.0,5,0.0251738852040017,0.1426339554205044,,10563.963916234206
0.9587609259583274,0.9175409458348266,0.9688249400479616,0.9339622641509434,0.9428571428571428,0.9383886255924172,5.0,5,0.0080381730291203,0.1154160896382693,,10567.654530818108
0.8314305849189569,0.6938492343497377,0.8894230769230769,0.9402985074626866,0.6,0.7325581395348837,9.0,1,0.362672927468381,0.2792014058392781,,10638.154007342178
0.7432733579015824,0.5107512917016418,0.829736211031175,0.7536231884057971,0.490566037735849,0.5942857142857143,2.0,5,0.5618774080530126,0.4463291940865693,,10638.42789333011
0.9357298554894204,0.8743846779663303,0.9496402877697842,0.8559322033898306,0.961904761904762,0.905829596412556,5.0,6,0.0083788803677958,0.1779287516006401,,10644.31319221598
0.9681776556776556,0.9363553113553114,0.9760191846522782,0.9523809523809524,0.9523809523809524,0.9523809523809524,5.0,6,0.0210606479522849,0.1605089557563604,,10662.284411707196
0.8935274712774428,0.7974699008793047,0.9134615384615384,0.7633587786259542,0.9523809523809524,0.847457627118644,9.0,2,0.2515684428525732,0.2214033245467222,,10724.618523830082
0.9620518109567432,0.9241798603067458,0.9712230215827338,0.9345794392523364,0.9523809523809524,0.9433962264150944,5.0,7,0.0075070983345494,0.1439240073253001,,10726.574245264988
0.4279835390946502,0.0,0.7482014388489209,0.0,0.0,0.0,3.0,0,0.4601648789850321,0.5566724097287213,,10731.555745246122
0.9651053988878154,0.930230050547894,0.973621103117506,0.9433962264150944,0.9523809523809524,0.9478672985781992,5.0,7,0.0210789480029534,0.1782051365485388,,10760.59003575798
0.9089250529081224,0.8236854242062724,0.935096153846154,0.9431818181818182,0.7904761904761904,0.8601036269430051,9.0,3,0.1777709269341319,0.1720129705678958,,10811.992257627193
0.904020492259717,0.8094127766196875,0.9256594724220624,0.8245614035087719,0.8952380952380953,0.8584474885844748,6.0,0,0.3881857872514401,0.1742109422172819,,10815.122317008208
0.4279835390946502,0.0,0.7482014388489209,0.0,0.0,0.0,3.0,1,0.5692184240260023,0.5545866379031429,,10822.945365265012
0.9511682917879978,0.9033118762310804,0.9640287769784172,0.9591836734693876,0.8952380952380953,0.9261083743842364,5.0,8,0.01257449784856,0.1831110149192544,,10859.41235352098
0.9497135966234548,0.8997236902379124,0.9616306954436452,0.908256880733945,0.9428571428571428,0.9252336448598132,6.0,1,0.1247516264981132,0.1012481930000441,,10897.084736468038
0.9265819535361316,0.857132751433307,0.9471153846153846,0.956043956043956,0.8285714285714286,0.8877551020408163,9.0,4,0.1301886456681693,0.1602458894754258,,10898.57757775113
0.4279835390946502,0.0,0.7482014388489209,0.0,0.0,0.0,3.0,2,0.5712091475725174,0.5575523453730123,,10914.35727235116
0.4279835390946502,0.0,0.7482014388489209,0.0,0.0,0.0,5.0,9,0.5001291735878419,0.5640094665423879,,10957.263345591024
0.9651053988878154,0.930230050547894,0.973621103117506,0.9433962264150944,0.9523809523809524,0.9478672985781992,6.0,2,0.0549125777936335,0.0856969776962484,,10979.20182361314
0.9341772151898736,0.870342999478013,0.9519230769230768,0.9473684210526316,0.8571428571428571,0.9,9.0,5,0.0845938588452941,0.1417997206668727,,10984.014423049986
0.4279835390946502,0.0,0.7482014388489209,0.0,0.0,0.0,3.0,3,0.5677240862491283,0.5565903308214964,,11006.720726352183
0.9742130975202524,0.9487479890152776,0.9808153477218226,0.9801980198019802,0.9428571428571428,0.9611650485436892,6.0,3,0.0251730995142232,0.0913165154467735,,11055.69416576298
0.9551640452199558,0.910405543739545,0.9664268585131894,0.941747572815534,0.923809523809524,0.9326923076923076,6.0,0,0.2505116068096811,0.104835954740784,,11057.641695988132
0.9551282051282052,0.9103339881734722,0.966346153846154,0.941747572815534,0.923809523809524,0.9326923076923076,9.0,6,0.0687014311235001,0.1142847018782049,,11070.5298605212
0.8285607035607035,0.6963409197635636,0.8896882494004796,0.9682539682539684,0.580952380952381,0.7261904761904762,4.0,0,0.2761636554600393,0.2058564180991164,,11104.542131548047
0.9685709978896592,0.9374458678801012,0.9760191846522782,0.9357798165137616,0.9714285714285714,0.9532710280373832,6.0,4,0.0132680511342803,0.0828446998660053,,11137.291270837188
0.9595112369201352,0.9199263777578258,0.9688249400479616,0.9107142857142856,0.9714285714285714,0.9400921658986175,6.0,1,0.1109926858823796,0.0943509629830929,,11156.168487609131
0.9551282051282052,0.9103339881734722,0.966346153846154,0.941747572815534,0.923809523809524,0.9326923076923076,9.0,7,0.0571055933258476,0.1006637054423873,,11156.970303585054
0.6422855157286655,0.4445093932164475,0.8105515587529976,1.0,0.2476190476190476,0.3969465648854962,4.0,1,0.3710613840556842,0.4635417334459446,,11197.121282014064
0.9681776556776556,0.9363553113553114,0.9760191846522782,0.9523809523809524,0.9523809523809524,0.9523809523809524,6.0,5,0.0072631799414659,0.1059860728148903,,11218.61478742212
0.9581990338164252,0.9165744544017282,0.96875,0.9509803921568628,0.923809523809524,0.9371980676328504,9.0,8,0.0507171719998834,0.1135817756697249,,11244.064061389072
0.9627368044799238,0.9266524590903934,0.9712230215827338,0.911504424778761,0.9809523809523808,0.944954128440367,6.0,2,0.0669320834149519,0.1079172364409731,,11255.002213153057
0.4279835390946502,0.0,0.7482014388489209,0.0,0.0,0.0,4.0,2,0.5331804804979486,0.4182057910495334,,11289.377214000097
0.9622851974675912,0.9248718086660384,0.9712230215827338,0.926605504587156,0.961904761904762,0.9439252336448598,6.0,6,0.0070467313516774,0.1126662061682769,,11300.221766925184
0.95483730884953,0.9099888313138484,0.966346153846154,0.9504950495049505,0.9142857142857144,0.9320388349514565,9.0,9,0.0491752959242922,0.1132718089502304,,11330.464274758007
0.9618131868131868,0.9236263736263736,0.9712230215827338,0.9428571428571428,0.9428571428571428,0.9428571428571428,6.0,3,0.0796482251337252,0.0588745591801784,,11353.699189601
0.4279835390946502,0.0,0.7482014388489209,0.0,0.0,0.0,4.0,3,0.4350762926517649,0.5546469302089126,,11379.672074315138
0.8699903633580863,0.7500412866030783,0.894484412470024,0.732824427480916,0.9142857142857144,0.8135593220338984,7.0,0,0.3458397354362374,0.2499145077807562,,11382.011854501208
0.7112880179628496,0.5377331394497369,0.8365384615384616,1.0,0.3523809523809524,0.5211267605633803,10.0,0,0.5269524608520751,0.4100544103063069,,11417.56000502198
0.977509650278529,0.9551998969216402,0.9832134292565948,0.9803921568627452,0.9523809523809524,0.966183574879227,6.0,4,0.0529466526136537,0.0507439564351203,,11452.00007035304
0.9518063934539908,0.903787395209304,0.9640287769784172,0.9411764705882352,0.9142857142857144,0.927536231884058,7.0,1,0.1262874161603592,0.1140112770455224,,11460.908843307989
0.9271488469601676,0.8571691930866621,0.947242206235012,0.946236559139785,0.8380952380952381,0.8888888888888888,5.0,0,0.3511259807551161,0.184602748464655,,11478.119334100978
0.8470975488234189,0.7009268090278419,0.8918269230769231,0.8488372093023255,0.6952380952380952,0.7643979057591623,10.0,1,0.319306469122146,0.2706826420930716,,11502.04695067508
0.9597505290121394,0.9209790374781304,0.9688249400479616,0.9035087719298246,0.9809523809523808,0.9406392694063926,7.0,2,0.0574271352330254,0.10291225902204,,11542.6017861641
0.9748567983117274,0.9500199270941642,0.9808153477218226,0.944954128440367,0.9809523809523808,0.9626168224299064,6.0,5,0.033363429137409,0.0600892165678505,,11552.897635944188
0.873491539135711,0.763373945866098,0.9136690647482014,0.948051948051948,0.6952380952380952,0.8021978021978022,5.0,1,0.221951612513116,0.2069452617455411,,11570.144459262025
0.8853084924182297,0.7836062998157626,0.9206730769230768,0.95,0.7238095238095238,0.8216216216216217,10.0,2,0.2253220248888147,0.212417877637423,,11589.386051490204
0.9683765091306196,0.9368298849825348,0.9760191846522782,0.9439252336448598,0.961904761904762,0.9528301886792452,7.0,3,0.0294317124111546,0.0902915699407458,,11625.038552598096
0.9717999774580156,0.9440739234621623,0.9784172661870504,0.9363636363636364,0.9809523809523808,0.958139534883721,6.0,6,0.0491211906103774,0.0991304133604676,,11650.75850737514
0.794074074074074,0.6483982838005402,0.8729016786570744,0.9814814814814816,0.5047619047619047,0.6666666666666666,5.0,2,0.3582696734749256,0.3754645630165382,,11662.630910000997
0.9099836878724326,0.8322885235037008,0.9375,0.9876543209876544,0.7619047619047619,0.8602150537634409,10.0,3,0.1818272011949026,0.1481213960796594,,11676.407263291068
0.9687612369651204,0.9381983912759028,0.9760191846522782,0.927927927927928,0.9809523809523808,0.9537037037037036,7.0,4,0.0178603881425461,0.1045199102788631,,11706.746868850198
0.4279835390946502,0.0,0.7482014388489209,0.0,0.0,0.0,6.0,7,0.2272875010364389,0.5580609862534505,,11749.406716657104
0.4279835390946502,0.0,0.7482014388489209,0.0,0.0,0.0,5.0,3,0.5024552006670769,0.5547315390021713,,11753.994909842031
0.9430664573521716,0.8908300786491896,0.9591346153846154,0.9888888888888888,0.8476190476190476,0.9128205128205128,10.0,4,0.1142785113780422,0.1212506291026679,,11757.404923808994
0.9627368044799238,0.9266524590903934,0.9712230215827338,0.911504424778761,0.9809523809523808,0.944954128440367,7.0,5,0.004778054550732,0.1549510116788691,,11787.622561107157
0.9683505782105905,0.9367781497175828,0.9759615384615384,0.9439252336448598,0.961904761904762,0.9528301886792452,10.0,5,0.0875901070681024,0.0750228645853125,,11844.71818052209
0.5078854200193113,0.1975750940425381,0.762589928057554,0.75,0.0857142857142857,0.1538461538461538,6.0,0,0.3641076121717057,0.4365385102142614,,11847.721547567984
0.9396387007121764,0.884773109856841,0.9520383693045564,0.8455284552845529,0.9904761904761904,0.912280701754386,7.0,0,0.2221432015084342,0.1644533052557271,,11853.670615185983
0.9559993970455232,0.9122977494519754,0.9664268585131894,0.9174311926605504,0.9523809523809524,0.9345794392523364,7.0,6,0.0044465936982799,0.1770646422685656,,11868.653075495036
0.924971306771602,0.8584051160072647,0.9471153846153846,0.9882352941176472,0.8,0.8842105263157894,10.0,6,0.0650678913961065,0.1291175144903648,,11931.147943639196
0.4279835390946502,0.0,0.7482014388489209,0.0,0.0,0.0,6.0,1,0.5718977725886284,0.5556562940279642,,11940.184252588078
0.953828438138965,0.909824068086238,0.9640287769784172,0.8879310344827587,0.9809523809523808,0.9321266968325792,7.0,7,0.003658325288058,0.2232294295515333,,11950.578522806056
0.9508920685391272,0.9043397625125056,0.9616306954436452,0.8803418803418803,0.9809523809523808,0.927927927927928,7.0,1,0.1031964063867311,0.1490915011645312,,11952.925157387042
0.9774917874396136,0.95516445909417,0.9831730769230768,0.9803921568627452,0.9523809523809524,0.966183574879227,10.0,7,0.0605579554202391,0.0666936458124277,,12017.12018178706
0.4279835390946502,0.0,0.7482014388489209,0.0,0.0,0.0,6.0,2,0.5679413527884382,0.5580752812050007,,12026.419210121036
0.9005831182487334,0.8039349294443463,0.9278846153846154,0.9032258064516128,0.8,0.8484848484848485,8.0,0,0.3864233191993277,0.165134317108563,,12037.388407804072
0.9625134843581444,0.9256974732939866,0.9712230215827338,0.918918918918919,0.9714285714285714,0.9444444444444444,7.0,2,0.0643052509015322,0.114637061303376,,12051.825275497977
0.960506329113924,0.9230737750517036,0.971153846153846,0.9894736842105264,0.8952380952380953,0.94,10.0,8,0.0432089084957508,0.1031007165662371,,12103.505369677208
0.4279835390946502,0.0,0.7482014388489209,0.0,0.0,0.0,6.0,3,0.5490360509842,0.5545815505363323,,12118.198479789076
0.9589827603206746,0.918135634867873,0.96875,0.925925925925926,0.9523809523809524,0.9389671361502347,8.0,1,0.120439465078762,0.073907796293497,,12119.051569319096
0.9689473370666032,0.9390829446929376,0.9760191846522782,0.9203539823008848,0.9904761904761904,0.9541284403669724,7.0,3,0.0485185425523033,0.0839141536842293,,12150.82188633713
0.9641623657850836,0.9293186703811024,0.9735576923076924,0.979591836734694,0.9142857142857144,0.9458128078817734,10.0,9,0.0428713614903786,0.0858534538688568,,12189.547947169049
0.971945599640328,0.944811240785994,0.9783653846153846,0.9285714285714286,0.9904761904761904,0.9585253456221198,8.0,2,0.0431761248431847,0.071732257093702,,12197.311642616056
0.4279835390946502,0.0,0.7482014388489209,0.0,0.0,0.0,7.0,0,0.4444918701940394,0.4587019135554631,,12216.049475699198
0.9811425987337956,0.9625939863082272,0.9856115107913668,0.9541284403669724,0.9904761904761904,0.97196261682243,7.0,4,0.0438322059902375,0.0714732976218483,,12244.76543871616
0.9514004497794912,0.9072621184456714,0.9615384615384616,0.8677685950413223,1.0,0.9292035398230089,8.0,3,0.0221548958689416,0.1435379670666796,,12279.554094761144
0.9565262718932444,0.9137100907310614,0.9664268585131894,0.9107142857142856,0.9622641509433962,0.9357798165137616,1.0,0,0.1950666794914808,0.1050676665738892,,12291.666355443189
0.4279835390946502,0.0,0.7482014388489209,0.0,0.0,0.0,7.0,1,0.5299665062668476,0.5577942751072071,,12308.479926547036
0.9841388176762798,0.9682973646870964,0.988009592326139,0.9716981132075472,0.9809523809523808,0.976303317535545,7.0,5,0.0382110182933147,0.0666049414749239,,12342.404291852145
0.9652931048867248,0.9307577242302336,0.9735576923076924,0.9351851851851852,0.961904761904762,0.9483568075117372,8.0,4,0.0211533777143458,0.0865427923521825,,12361.106976573124
0.9651053988878154,0.930230050547894,0.973621103117506,0.9523809523809524,0.9433962264150944,0.9478672985781992,1.0,1,0.0609081527886555,0.0784264685518002,,12389.206344028004
0.4279835390946502,0.0,0.7482014388489209,0.0,0.0,0.0,7.0,2,0.5720342060352893,0.5556212271805163,,12400.81896267715
0.4279835390946502,0.0,0.7482014388489209,0.0,0.0,0.0,7.0,6,0.1019267145262901,0.5612552700177679,,12440.348145963158
0.9545397776945173,0.9097956616653636,0.966346153846154,0.9595959595959596,0.9047619047619048,0.931372549019608,8.0,5,0.0099159910173897,0.1260489105646099,,12442.615883983206
0.966140854635241,0.9337547861607444,0.973621103117506,0.9130434782608696,0.9905660377358492,0.9502262443438914,1.0,2,0.024702361150114,0.121711420073209,,12486.797069350025
0.4279835390946502,0.0,0.7482014388489209,0.0,0.0,0.0,7.0,3,0.5709043732348908,0.554619355334176,,12487.46365634608
0.896910348135417,0.7970757488791467,0.9254807692307692,0.9021739130434784,0.7904761904761904,0.8426395939086294,9.0,0,0.3534619549320916,0.1992169501526015,,12528.212041433202
0.9423537724256574,0.8847836829216068,0.9568345323741008,0.9223300970873788,0.9047619047619048,0.9134615384615384,7.0,7,0.2387537067939243,0.154624777231014,,12538.22863610508
0.9112728927312024,0.8332121323857645,0.9278846153846154,0.7862595419847328,0.9809523809523808,0.8728813559322034,8.0,0,0.2494301178274636,0.2212246546091941,,12580.832441677108
0.9557271127828671,0.9114542255657344,0.9664268585131894,0.9339622641509434,0.9339622641509434,0.9339622641509434,1.0,3,0.0224910065291453,0.1125860614910774,,12584.552869671024
0.9414652931549052,0.8850669678282411,0.9543269230769232,0.8706896551724138,0.961904761904762,0.9140271493212668,9.0,1,0.1149409383345963,0.1453005809869085,,12610.343296758132
0.8984849352732271,0.804596110118993,0.9184652278177458,0.7795275590551181,0.9428571428571428,0.853448275862069,7.0,8,0.2047655465640326,0.2378694909396317,,12635.891942158109
0.4277854195323246,0.0,0.7475961538461539,0.0,0.0,0.0,8.0,1,0.41666041113674,0.5721987589047506,,12672.811684125105
0.9620518109567432,0.9241036219134866,0.9712230215827338,0.9433962264150944,0.9433962264150944,0.9433962264150944,1.0,4,0.027714368814486,0.0995459122548125,,12676.085525955074
0.9581990338164252,0.9165744544017282,0.96875,0.9509803921568628,0.923809523809524,0.9371980676328504,9.0,2,0.0530478919114349,0.096951389552227,,12692.225459719077
0.9466887791639969,0.8938370999148652,0.9591346153846154,0.9,0.9428571428571428,0.9209302325581395,8.0,0,0.2726516962425708,0.1218266979468843,,12740.162451368058
0.4277854195323246,0.0,0.7475961538461539,0.0,0.0,0.0,8.0,2,0.5722385753976538,0.5687412126706197,,12764.53511852515
0.978066649134012,0.956305255206108,0.9832134292565948,0.9541284403669724,0.981132075471698,0.9674418604651164,1.0,5,0.0242732496044326,0.0629884095506672,,12773.148251048056
0.9643988018827556,0.9292980965299936,0.9735576923076924,0.97,0.923809523809524,0.946341463414634,9.0,3,0.0232789741860607,0.1064391953072377,,12773.71779956203
0.9615384615384616,0.9231551595544576,0.971153846153846,0.9514563106796116,0.9333333333333332,0.9423076923076924,8.0,1,0.1005784313891704,0.115093980423318,,12838.48512036004
0.4277854195323246,0.0,0.7475961538461539,0.0,0.0,0.0,8.0,3,0.5713004117316388,0.5642468516643231,,12856.166664205026
0.960506329113924,0.9230737750517036,0.971153846153846,0.9894736842105264,0.8952380952380953,0.94,9.0,4,0.0149056285311925,0.1480635049353753,,12856.257578086108
0.9745421245421246,0.9491626961110792,0.9808153477218226,0.971153846153846,0.9528301886792452,0.961904761904762,1.0,6,0.013661249052714,0.088959410863644,,12870.198073988082
0.9650769665193732,0.9301732173303522,0.9735576923076924,0.9433962264150944,0.9523809523809524,0.9478672985781992,9.0,5,0.0096650200903857,0.1041096255316266,,12932.339331352152
0.9430310407790627,0.8861365577897682,0.9567307692307692,0.9065420560747663,0.923809523809524,0.9150943396226416,8.0,2,0.1072163016094502,0.1857321366148356,,12936.395386475138
0.9407740436851372,0.8824316261073859,0.9543269230769232,0.8839285714285714,0.9428571428571428,0.912442396313364,9.0,0,0.2624613285817681,0.1497976133743157,,12954.721452214988
0.9648842105263158,0.929943839881027,0.973621103117506,0.9611650485436892,0.9339622641509434,0.9473684210526316,1.0,7,0.0122071855438485,0.0930467129163037,,12967.652209301012
0.9511304987978416,0.903237811791172,0.9639423076923076,0.9591836734693876,0.8952380952380953,0.9261083743842364,9.0,6,0.0033501143314702,0.1602001121001584,,13014.072413626129
0.9551282051282052,0.9103339881734722,0.966346153846154,0.941747572815534,0.923809523809524,0.9326923076923076,8.0,3,0.0557667103393483,0.1621005683689593,,13034.070316274185
0.4277854195323246,0.0,0.7475961538461539,0.0,0.0,0.0,9.0,1,0.3422610042715802,0.5706029093036284,,13046.948969725054
0.9811425987337956,0.962362381220628,0.9856115107913668,0.9629629629629628,0.981132075471698,0.97196261682243,1.0,8,0.006587895858333,0.0737298057220131,,13064.907620006008
0.9526724157546248,0.9055135455055124,0.9639423076923076,0.9166666666666666,0.9428571428571428,0.9295774647887324,9.0,7,0.0036740203267673,0.1832591625196593,,13095.807110008083
0.9411234515482656,0.8836919733652528,0.9543269230769232,0.8771929824561403,0.9523809523809524,0.91324200913242,8.0,4,0.042626781724711,0.2569839598660249,,13131.255914107198
0.4277854195323246,0.0,0.7475961538461539,0.0,0.0,0.0,9.0,2,0.5704533739292875,0.5783153686385888,,13138.988240853185
0.9843333208100088,0.9688399660699084,0.988009592326139,0.963302752293578,0.9905660377358492,0.9767441860465116,1.0,9,0.0075916399368393,0.0816045972324505,,13160.978096995035
0.9570681210158216,0.9166364655705374,0.96875,0.9893617021276596,0.8857142857142857,0.9346733668341708,9.0,8,0.0057252161190016,0.1969879841199144,,13177.54264724208
0.934144962496702,0.8687418556977777,0.9495192307692308,0.8818181818181818,0.923809523809524,0.9023255813953488,9.0,0,0.2256906462333369,0.1257976611332896,,13228.466970455134
0.4277854195323246,0.0,0.7475961538461539,0.0,0.0,0.0,9.0,3,0.5678392694985613,0.5656036264621295,,13230.020771146985
0.8783574919587285,0.7695651118107937,0.9158653846153846,0.9375,0.7142857142857143,0.8108108108108109,10.0,0,0.3735234156503516,0.2034781947731971,,13255.258566841016
0.9485517711863792,0.9009802194001888,0.9592326139088728,0.8677685950413223,0.9905660377358492,0.9251101321585904,2.0,0,0.246030434053133,0.1185453511194659,,13260.423976752209
0.9576464322914626,0.9162782410861372,0.96875,0.9693877551020408,0.9047619047619048,0.9359605911330048,9.0,1,0.0776633847226723,0.1399674297415633,,13326.125354178015
0.9437229437229436,0.8881012610023161,0.9567307692307692,0.8918918918918919,0.9428571428571428,0.9166666666666666,10.0,0,0.287066453473365,0.1544147991718581,,13327.523780919146
0.9446145653042204,0.8901973824962067,0.9591346153846154,0.9489795918367347,0.8857142857142857,0.916256157635468,10.0,1,0.1476334673115762,0.0986518593771117,,13336.774108336074
0.9618131868131868,0.923703535253116,0.9712230215827338,0.9519230769230768,0.9339622641509434,0.9428571428571428,2.0,1,0.0776887284110246,0.0835117664811957,,13357.539776608117
0.9679487179487178,0.935976330935443,0.9759615384615384,0.9611650485436892,0.9428571428571428,0.9519230769230768,10.0,2,0.0563654281609391,0.0714890076113598,,13418.975887650158
0.4277854195323246,0.0,0.7475961538461539,0.0,0.0,0.0,10.0,1,0.3786701178812283,0.5651034460617945,,13419.3223914681
0.9483854958280344,0.8970825085213571,0.9615384615384616,0.9405940594059404,0.9047619047619048,0.9223300970873788,9.0,2,0.0447022223138068,0.1455028561131957,,13423.872660220137
0.9318651653464995,0.8723165794372396,0.9448441247002398,0.8217054263565892,1.0,0.902127659574468,2.0,2,0.0428507514156476,0.1531790709496423,,13455.973634539172
0.973848813452774,0.9490215418254652,0.9807692307692308,1.0,0.923809523809524,0.9603960396039604,10.0,3,0.0314784483526344,0.0708059108416949,,13501.437131233048
0.4277854195323246,0.0,0.7475961538461539,0.0,0.0,0.0,10.0,2,0.5688013028591237,0.5659333662344859,,13510.95499519608
0.9476976269055476,0.8966738822770324,0.9615384615384616,0.9587628865979382,0.8857142857142857,0.9207920792079208,9.0,3,0.033710786524428,0.1290488762561626,,13522.190183924977
0.9685709978896592,0.9372179505834723,0.9760191846522782,0.9444444444444444,0.9622641509433962,0.9532710280373832,2.0,3,0.0293699191022626,0.1159195709651784,,13553.321499643149
0.9589827603206746,0.918135634867873,0.96875,0.925925925925926,0.9523809523809524,0.9389671361502347,10.0,4,0.0107912712541045,0.0780601323848324,,13583.604580459183
0.4277854195323246,0.0,0.7475961538461539,0.0,0.0,0.0,10.0,3,0.5693434805312055,0.5650204912974284,,13602.65963992104
0.9163218390804596,0.8404707197940268,0.9326923076923076,0.8031496062992126,0.9714285714285714,0.8793103448275862,9.0,4,0.0252969544296818,0.1539907351448514,,13619.400609864157
0.965533305782019,0.931235833478507,0.973621103117506,0.9357798165137616,0.9622641509433962,0.9488372093023256,2.0,4,0.0259165313825366,0.0758070347551695,,13650.046981480204
0.9615384615384616,0.9231551595544576,0.971153846153846,0.9514563106796116,0.9333333333333332,0.9423076923076924,10.0,5,0.0166946637160065,0.0778906560902084,,13660.997500621015
0.9584995215311004,0.9171729990698828,0.9688249400479616,0.9514563106796116,0.9245283018867924,0.937799043062201,1.0,0,0.2162037810091294,0.0949227902071796,,13710.745415208165
0.9650769665193732,0.9301732173303522,0.9735576923076924,0.9433962264150944,0.9523809523809524,0.9478672985781992,10.0,0,0.222420106698046,0.0834209332824684,,13717.528278158046
0.9677409348925214,0.9358014768988308,0.9759615384615384,0.9702970297029704,0.9333333333333332,0.9514563106796116,10.0,6,0.0063406871108859,0.0941931706703534,,13741.669302236987
0.965942755317964,0.9327863345959349,0.973621103117506,0.9203539823008848,0.981132075471698,0.9497716894977168,2.0,5,0.0156295616691659,0.128249662109532,,13747.658327709183
0.965533305782019,0.931235833478507,0.973621103117506,0.9357798165137616,0.9622641509433962,0.9488372093023256,1.0,1,0.0602924812659333,0.0897995381086695,,13808.772244868102
0.970678299278705,0.9423590996760676,0.9783653846153846,0.9897959183673468,0.923809523809524,0.955665024630542,10.0,1,0.0818519950443471,0.0643402411011405,,13815.685600299155
0.8636809414841451,0.7366997303293525,0.9040767386091128,0.8928571428571429,0.7075471698113207,0.7894736842105263,1.0,0,0.4635229037474778,0.2755935106958662,,13827.788415817078
0.9721349816237888,0.9451779211370788,0.9784172661870504,0.9292035398230089,0.9905660377358492,0.958904109589041,2.0,6,0.0135370102675464,0.0801614926431112,,13845.055340334076
0.92512471407493,0.8518059064879359,0.9448441247002398,0.9278350515463918,0.8490566037735849,0.8866995073891626,1.0,1,0.2166326128704063,0.138819542314325,,13909.59868265316
0.9590165793472591,0.9180520267670348,0.9688249400479616,0.9345794392523364,0.9433962264150944,0.9389671361502347,1.0,2,0.0246416998443567,0.1270765561911382,,13910.176846435992
0.9746804625684724,0.9494385476995364,0.9807692307692308,0.9532710280373832,0.9714285714285714,0.9622641509433962,10.0,2,0.0436790988885183,0.060275708978924,,13913.486900435062
0.9751578696532824,0.9509891763583708,0.9808153477218226,0.9375,0.9905660377358492,0.963302752293578,2.0,7,0.0058508998083163,0.118667024323653,,13942.231096049072
0.950315739306565,0.9012837288552916,0.9616306954436452,0.9017857142857144,0.9528301886792452,0.926605504587156,1.0,2,0.1268367508457878,0.1022251623549631,,13991.446166698122
0.9743589743589745,0.9487975023164285,0.9807692307692308,0.970873786407767,0.9523809523809524,0.9615384615384616,10.0,3,0.0452248124116689,0.0633748782621786,,14010.756065029183
0.9613196462803784,0.9233514334410284,0.9712230215827338,0.97,0.9150943396226416,0.941747572815534,1.0,3,0.0179866720327927,0.1167913715334231,,14011.625181572046
0.9517109605697412,0.9078285378037636,0.9616306954436452,0.8688524590163934,1.0,0.9298245614035088,2.0,8,0.0077355461540478,0.2756358402619744,,14040.86165872612
0.9494024146089912,0.8988048292179822,0.9616306954436452,0.9245283018867924,0.9245283018867924,0.9245283018867924,1.0,3,0.0716962325307777,0.0962168534419366,,14073.262636675034
0.970871746994982,0.942248250896752,0.9783653846153846,0.98,0.9333333333333332,0.9560975609756096,10.0,4,0.0398988457708949,0.1129898461513221,,14108.557446680032
0.9687612369651204,0.9378227960716948,0.9760191846522782,0.9363636363636364,0.9716981132075472,0.9537037037037036,1.0,4,0.0137399810917288,0.0946837502533354,,14114.05126314098
0.9521148325358852,0.9044021582587388,0.9640287769784172,0.941747572815534,0.9150943396226416,0.9282296650717704,2.0,9,0.0301977201399654,0.1529951376625213,,14138.407584421104
0.9651053988878154,0.930230050547894,0.973621103117506,0.9523809523809524,0.9433962264150944,0.9478672985781992,1.0,4,0.0335676990354717,0.0772627130416887,,14153.2230793552
0.9648559601250316,0.9297314403725796,0.9735576923076924,0.9519230769230768,0.9428571428571428,0.9473684210526316,10.0,5,0.0492304477544721,0.0803796035895804,,14200.119489694014
0.9748567983117274,0.94979016590205,0.9808153477218226,0.9537037037037036,0.9716981132075472,0.9626168224299064,1.0,5,0.0035663631721474,0.1064992987017865,,14216.526543495012
0.9514909457520648,0.9039449854700768,0.9640287769784172,0.9595959595959596,0.8962264150943396,0.926829268292683,1.0,5,0.0257487247571727,0.1162785479266728,,14234.642453404143
0.9441052067198856,0.8893610022827603,0.9568345323741008,0.8849557522123894,0.9523809523809524,0.9174311926605504,3.0,0,0.2094748886083679,0.1164153450770514,,14237.100079711992
0.4271978021978022,0.0,0.7458033573141487,0.0,0.0,0.0,1.0,0,0.5618924143503724,0.563303420566163,,14302.168825336032
0.9657402773939608,0.9319452917879484,0.973621103117506,0.927927927927928,0.9716981132075472,0.9493087557603688,1.0,6,0.022047970234811,0.0848050600449953,,14315.93614751217
0.9748567983117274,0.94979016590205,0.9808153477218226,0.9537037037037036,0.9716981132075472,0.9626168224299064,1.0,6,0.0019862378189837,0.10719261947994,,14318.748033082113
0.977509650278529,0.9551998969216402,0.9832134292565948,0.9803921568627452,0.9523809523809524,0.966183574879227,3.0,1,0.0757666147704462,0.0654405896202661,,14334.78910313407
0.9648842105263158,0.929943839881027,0.973621103117506,0.9611650485436892,0.9339622641509434,0.9473684210526316,1.0,7,0.0135411362921408,0.0872745363573942,,14397.441547681112
0.4271978021978022,0.0,0.7458033573141487,0.0,0.0,0.0,1.0,1,0.5693489245450827,0.5654784412878864,,14399.568251021206
0.9748567983117274,0.94979016590205,0.9808153477218226,0.9537037037037036,0.9716981132075472,0.9626168224299064,1.0,7,0.0011319818800744,0.113010637727231,,14420.691954543116
0.977509650278529,0.9551998969216402,0.9832134292565948,0.9803921568627452,0.9523809523809524,0.966183574879227,3.0,2,0.0342144550349035,0.0661956197033056,,14432.682522070128
0.9627368044799238,0.9261364526068312,0.9712230215827338,0.9196428571428572,0.9716981132075472,0.944954128440367,1.0,8,0.0108669210201666,0.1023942829841481,,14478.480570484186
0.4271978021978022,0.0,0.7458033573141487,0.0,0.0,0.0,1.0,2,0.568568215600209,0.5781628956209939,,14497.126570991008
0.9748567983117274,0.94979016590205,0.9808153477218226,0.9537037037037036,0.9716981132075472,0.9626168224299064,1.0,8,0.001049617877856,0.1179551371325324,,14523.4437579941
0.9708945674512388,0.9422930979561056,0.9784172661870504,0.98,0.9333333333333332,0.9560975609756096,3.0,3,0.0189854129947208,0.0778384347614296,,14530.751134437043
0.9717999774580156,0.9437705443423074,0.9784172661870504,0.944954128440367,0.9716981132075472,0.958139534883721,1.0,9,0.0080861173593833,0.0817614952102303,,14554.09429323906
0.4271978021978022,0.0,0.7458033573141487,0.0,0.0,0.0,1.0,3,0.5673670703604785,0.5627764626493994,,14594.517509988043
0.9646580218662598,0.929493646065472,0.973621103117506,0.9607843137254902,0.9333333333333332,0.9468599033816424,3.0,4,0.0131559687065002,0.1029242529757024,,14621.54861903307
0.9535583027063148,0.9080031615136472,0.9640287769784172,0.9026548672566372,0.9622641509433962,0.9315068493150684,2.0,0,0.2126791139350715,0.0888744655486969,,14630.1036018061
0.8483182850630087,0.7032783520251247,0.8920863309352518,0.8505747126436781,0.6981132075471698,0.7668393782383419,2.0,0,0.4946549656027454,0.292852269751685,,14636.157441367162
0.4271978021978022,0.0,0.7458033573141487,0.0,0.0,0.0,2.0,0,0.5754035999144572,0.5886026142903094,,14696.81760668219
0.9085754462361934,0.817168517929337,0.9304556354916068,0.8598130841121495,0.8679245283018868,0.863849765258216,2.0,1,0.2269771236736895,0.2004101616995675,,14718.016855893193
0.94736607640049,0.8961865350651431,0.9592326139088728,0.8859649122807017,0.961904761904762,0.9223744292237442,4.0,0,0.2118212136103392,0.0981847327949373,,14720.589521629036
0.966140854635241,0.9337547861607444,0.973621103117506,0.9130434782608696,0.9905660377358492,0.9502262443438914,2.0,1,0.0655393320583065,0.091911290043016,,14731.898757860065
0.4271978021978022,0.0,0.7458033573141487,0.0,0.0,0.0,2.0,1,0.5706916684344379,0.583239031850167,,14794.542905161155
0.926338102808691,0.8543934316576285,0.9424460431654677,0.853448275862069,0.9339622641509434,0.8918918918918919,2.0,2,0.1339915446558241,0.1451150232127734,,14799.267597644124
0.9751578696532824,0.951513430295482,0.9808153477218226,0.9292035398230089,1.0,0.963302752293578,4.0,1,0.0764619920185324,0.0572690822882577,,14818.323665288044
0.971969317867786,0.944407090302477,0.9784172661870504,0.9369369369369368,0.981132075471698,0.9585253456221198,2.0,2,0.0262873396153938,0.0471753625875725,,14832.519022357184
0.931274721323265,0.8628353352755752,0.947242206235012,0.8818181818181818,0.9150943396226416,0.8981481481481481,2.0,3,0.0731157738462848,0.1425768307277134,,14881.309985172004
0.4271978021978022,0.0,0.7458033573141487,0.0,0.0,0.0,2.0,2,0.5683686943577805,0.5804117181391086,,14891.63346562814
0.9651053988878154,0.930230050547894,0.973621103117506,0.9433962264150944,0.9523809523809524,0.9478672985781992,4.0,2,0.0371330820554212,0.0696717045228172,,14916.307008214062
0.9570305599717364,0.9158489222225767,0.9664268585131894,0.896551724137931,0.981132075471698,0.9369369369369368,2.0,3,0.0086698002785867,0.0920702914413853,,14935.599794371985
0.9500179791441928,0.900329065673635,0.9616306954436452,0.9090909090909092,0.9433962264150944,0.925925925925926,2.0,4,0.0414423014084666,0.1320255944239241,,14962.812826312149
0.4271978021978022,0.0,0.7458033573141487,0.0,0.0,0.0,2.0,3,0.568036607492453,0.584526279062595,,14989.071376380976
0.965942755317964,0.9333752886846242,0.973621103117506,0.912280701754386,0.9904761904761904,0.9497716894977168,4.0,3,0.0168923755396785,0.0759144038734035,,15008.151786676142
0.9595112369201352,0.9194834932734198,0.9688249400479616,0.918918918918919,0.9622641509433962,0.9400921658986175,2.0,4,0.0142772273342307,0.091695818080312,,15037.710449035978
0.9524164530288391,0.9048518411217592,0.9640287769784172,0.9333333333333332,0.9245283018867924,0.9289099526066352,2.0,5,0.0261482594897812,0.134577749696161,,15044.17886638199
0.4279835390946502,0.0,0.7482014388489209,0.0,0.0,0.0,3.0,0,0.5729363933046744,0.5674452612984855,,15092.701572170015
0.9716268626250256,0.9434263540105476,0.9784172661870504,0.9444444444444444,0.9714285714285714,0.9577464788732394,4.0,4,0.0204122265365703,0.0807972531062814,,15105.410379015142
0.9450230718523402,0.891000888119676,0.9592326139088728,0.9494949494949496,0.8867924528301887,0.9170731707317074,2.0,6,0.0260367869573124,0.1471129804849624,,15125.989004387056
0.9567811667160202,0.9147186941583804,0.9664268585131894,0.9035087719298246,0.9716981132075472,0.9363636363636364,2.0,5,0.0051703219260142,0.1077001617787865,,15139.234640700044
0.4279835390946502,0.0,0.7482014388489209,0.0,0.0,0.0,3.0,1,0.5690928249598057,0.5635942797053535,,15184.225649578031
0.953828438138965,0.9091068516249614,0.9640287769784172,0.8956521739130435,0.9716981132075472,0.9321266968325792,2.0,7,0.0147640201365733,0.1332527162241084,,15206.12149267015
0.9267564402810304,0.8568477315420842,0.9424460431654677,0.8403361344537815,0.9523809523809524,0.8928571428571429,5.0,0,0.1968886664237525,0.1558991633619199,,15209.727876800112
0.967336132347412,0.9359828316990724,0.9760191846522782,0.9896907216494846,0.9142857142857144,0.9504950495049505,3.0,0,0.2239080900137723,0.0714894014647898,,15242.779271752108
0.4279835390946502,0.0,0.7482014388489209,0.0,0.0,0.0,3.0,2,0.5707250497679213,0.5603053558547542,,15281.539515395183
0.9470531559724846,0.8945598962443626,0.9592326139088728,0.9009009009009008,0.9433962264150944,0.9216589861751152,2.0,8,0.0169274531723142,0.1279857850500515,,15286.926073387032
0.9651053988878154,0.930230050547894,0.973621103117506,0.9433962264150944,0.9523809523809524,0.9478672985781992,5.0,1,0.0596485406553535,0.1133732033414625,,15307.7338008862
0.9748567983117274,0.9500199270941642,0.9808153477218226,0.944954128440367,0.9809523809523808,0.9626168224299064,3.0,1,0.0605909794468238,0.063564062189917,,15345.163268228993
0.9620518109567432,0.9241036219134866,0.9712230215827338,0.9433962264150944,0.9433962264150944,0.9433962264150944,2.0,9,0.0056669638271175,0.1247283061301069,,15367.726070689036
0.4279835390946502,0.0,0.7482014388489209,0.0,0.0,0.0,3.0,3,0.5746193918973398,0.560237928943814,,15378.832875869004
0.9651053988878154,0.930230050547894,0.973621103117506,0.9433962264150944,0.9523809523809524,0.9478672985781992,5.0,2,0.0306864315262578,0.1316501681433709,,15404.16150873201
0.9675536881419232,0.9358347728168348,0.9760191846522782,0.9797979797979798,0.923809523809524,0.9509803921568628,3.0,2,0.0227558753281426,0.0738476846462669,,15441.146588138072
0.8918440970502935,0.785191620345884,0.920863309352518,0.875,0.8,0.835820895522388,3.0,0,0.4492116434089208,0.247241164956774,,15455.574769672006
0.4279835390946502,0.0,0.7482014388489209,0.0,0.0,0.0,4.0,0,0.5727432054370197,0.5645712636551767,,15478.190512365196
0.9620518109567432,0.9241798603067458,0.9712230215827338,0.9345794392523364,0.9523809523809524,0.9433962264150944,5.0,3,0.0160619308942585,0.0938667432950888,,15501.401336973067
0.9199667327746146,0.8438589911192982,0.9424460431654677,0.945054945054945,0.819047619047619,0.8775510204081632,3.0,1,0.21942688764657,0.1515014214175088,,15537.753015741007
0.9871897272057016,0.9744601957843904,0.9904076738609112,0.9902912621359224,0.9714285714285714,0.9807692307692308,3.0,3,0.0181107962809526,0.0421666524629438,,15541.94872482214
0.4279835390946502,0.0,0.7482014388489209,0.0,0.0,0.0,4.0,1,0.5727576968957112,0.5634779440906813,,15576.201214461122
0.95328219644631,0.9074610076556288,0.9640287769784172,0.9017857142857144,0.961904761904762,0.9308755760368664,5.0,4,0.0188833771386806,0.1206780776848526,,15598.857428908115
0.9605362776025236,0.923130527300948,0.9712230215827338,0.9894736842105264,0.8952380952380953,0.94,3.0,2,0.1254800111686779,0.0993341814194406,,15618.73547909106
0.9571004629446443,0.9166973569780106,0.9688249400479616,0.9893617021276596,0.8857142857142857,0.9346733668341708,3.0,4,0.0115332324593042,0.1067598169132186,,15644.15031247004
0.4279835390946502,0.0,0.7482014388489209,0.0,0.0,0.0,4.0,2,0.5716130434195879,0.5600895021321639,,15667.953417883022
0.9644266935515142,0.9293530919675758,0.973621103117506,0.97,0.923809523809524,0.946341463414634,3.0,3,0.0657356568470092,0.0809745309608323,,15700.104001573054
0.9505005341668976,0.9034753031625136,0.9640287769784172,0.9787234042553192,0.8761904761904762,0.9246231155778896,6.0,0,0.2040988945472699,0.0967550590274117,,15703.62517369911
0.9809065934065936,0.9618131868131868,0.9856115107913668,0.9714285714285714,0.9714285714285714,0.9714285714285714,3.0,5,0.0043544466906222,0.0776383101399675,,15746.316117268056
0.4279835390946502,0.0,0.7482014388489209,0.0,0.0,0.0,4.0,3,0.5693009165622024,0.5602542561180187,,15765.35066052014
0.9641900806445316,0.929372555101176,0.973621103117506,0.979591836734694,0.9142857142857144,0.9458128078817734,3.0,4,0.0329860357362461,0.0771990232169628,,15781.353871592088
0.9625134843581444,0.9256974732939866,0.9712230215827338,0.918918918918919,0.9714285714285714,0.9444444444444444,6.0,1,0.0649378307247862,0.1004856065583397,,15794.85915263719
0.9639480323500978,0.9295588627110662,0.973621103117506,0.9895833333333334,0.9047619047619048,0.945273631840796,3.0,6,0.010258123387602,0.0761235256086022,,15848.503999478184
0.9571004629446443,0.9166973569780106,0.9688249400479616,0.9893617021276596,0.8857142857142857,0.9346733668341708,3.0,5,0.0241115871122327,0.0997999826712267,,15857.203100136016
0.4279835390946502,0.0,0.7482014388489209,0.0,0.0,0.0,5.0,0,0.5191003241296261,0.5712151499289386,,15868.906972422032
0.9683765091306196,0.9368298849825348,0.9760191846522782,0.9439252336448598,0.961904761904762,0.9528301886792452,6.0,2,0.0394634526131226,0.0880517601233221,,15893.04142801906
0.9738689058779296,0.9490596850115832,0.9808153477218226,1.0,0.923809523809524,0.9603960396039604,3.0,6,0.0192677482283847,0.0746436890746865,,15938.66470905114
0.9590165793472591,0.9182029912085728,0.9688249400479616,0.925925925925926,0.9523809523809524,0.9389671361502347,4.0,0,0.226523511005498,0.0778206831617456,,15956.206954510184
0.4279835390946502,0.0,0.7482014388489209,0.0,0.0,0.0,5.0,1,0.5709204493936445,0.5683267302108261,,15966.511611479102
0.9204249093569112,0.8524184024686075,0.935251798561151,0.7954545454545454,1.0,0.8860759493670886,6.0,3,0.0249371636289182,0.1492674142333134,,15990.988487455994
0.9747012073044956,0.949479909658324,0.9808153477218226,0.9532710280373832,0.9714285714285714,0.9622641509433962,3.0,7,0.0111974249870153,0.0685905701081667,,16019.795973017111
0.9714498718173036,0.9429191552609616,0.9784172661870504,0.9528301886792452,0.961904761904762,0.957345971563981,4.0,1,0.0614134309022053,0.0486329482442189,,16058.426538325148
0.4279835390946502,0.0,0.7482014388489209,0.0,0.0,0.0,5.0,2,0.5703112890344184,0.5638352233283924,,16064.413753616158
0.9587609259583274,0.9175409458348266,0.9688249400479616,0.9339622641509434,0.9428571428571428,0.9383886255924172,6.0,4,0.0351340483004939,0.1501170640591947,,16088.636905252002
0.9809065934065936,0.9618131868131868,0.9856115107913668,0.9714285714285714,0.9714285714285714,0.9714285714285714,3.0,8,0.0069578184797507,0.0623462734012199,,16100.708748744102
0.9717999774580156,0.9440739234621623,0.9784172661870504,0.9363636363636364,0.9809523809523808,0.958139534883721,4.0,2,0.0274520664553302,0.0693660856978001,,16160.944326120196
0.4279835390946502,0.0,0.7482014388489209,0.0,0.0,0.0,5.0,3,0.5709277292622178,0.5663054855364673,,16161.514232938178
0.9807845908085524,0.9616492653754214,0.9856115107913668,0.9805825242718448,0.961904761904762,0.971153846153846,3.0,9,0.0042705576614303,0.0707482174371502,,16181.306597852148
0.9714498718173036,0.9429191552609616,0.9784172661870504,0.9528301886792452,0.961904761904762,0.957345971563981,6.0,5,0.0169941009591992,0.0931669382602503,,16185.314810283016
0.4279835390946502,0.0,0.7482014388489209,0.0,0.0,0.0,6.0,0,0.5506491887448693,0.5603979353634816,,16259.815079590073
0.9653217209861424,0.9308146726095602,0.973621103117506,0.9351851851851852,0.961904761904762,0.9483568075117372,4.0,3,0.0220246409282407,0.0590510888918597,,16261.74878155603
0.8187030884705303,0.6453598459580865,0.8729016786570744,0.8095238095238095,0.6476190476190476,0.7195767195767195,4.0,0,0.4712320333820278,0.3019061940056937,,16264.161505795084
0.9681776556776556,0.9363553113553114,0.9760191846522782,0.9523809523809524,0.9523809523809524,0.9523809523809524,6.0,6,0.0132657163679651,0.1379723897715042,,16282.894481629131
0.9115088066775128,0.8245645046272974,0.935251798561151,0.90625,0.8285714285714286,0.8656716417910447,4.0,1,0.219989356221789,0.1630008380327905,,16346.093978388002
0.4279835390946502,0.0,0.7482014388489209,0.0,0.0,0.0,6.0,1,0.571849831640085,0.5579679507129597,,16357.778673125198
0.971969317867786,0.94485711796222,0.9784172661870504,0.9285714285714286,0.9904761904761904,0.9585253456221198,4.0,4,0.00539925078282,0.1164734012448395,,16363.234600621045
0.9646580218662598,0.929493646065472,0.973621103117506,0.9607843137254902,0.9333333333333332,0.9468599033816424,6.0,7,0.0031886392184642,0.1091765039359501,,16379.977483655091
0.944432928634883,0.8906447322208014,0.9568345323741008,0.8782608695652174,0.961904761904762,0.9181818181818182,4.0,2,0.1238820913989665,0.1153809087617056,,16427.496765180025
0.4279835390946502,0.0,0.7482014388489209,0.0,0.0,0.0,6.0,2,0.5696823102896655,0.5603109047097979,,16455.525477478048
0.9691294047971571,0.9400953484695298,0.9760191846522782,0.9130434782608696,1.0,0.9545454545454546,4.0,5,0.0178653162551983,0.0725061545996346,,16465.391093612183
0.9679743180142542,0.9360274045574832,0.9760191846522782,0.9611650485436892,0.9428571428571428,0.9519230769230768,6.0,8,0.0052522363244174,0.1536119765744345,,16478.006963444175
0.9582322076601252,0.916640520637388,0.9688249400479616,0.9509803921568628,0.923809523809524,0.9371980676328504,4.0,3,0.06744519277018,0.0920272724969046,,16508.792841792107
0.4279835390946502,0.0,0.7482014388489209,0.0,0.0,0.0,6.0,3,0.5708466031785204,0.5600130293729171,,16547.07185288309
0.9810259054783717,0.9621299343341128,0.9856115107913668,0.9626168224299064,0.9809523809523808,0.9716981132075472,4.0,6,0.0055501889989106,0.0535166245356107,,16567.488492516102
0.9653217209861424,0.9308146726095602,0.973621103117506,0.9351851851851852,0.961904761904762,0.9483568075117372,7.0,0,0.2006323518070664,0.0992883910548012,,16576.258338618092
0.9613196462803784,0.9229557006379798,0.9712230215827338,0.9603960396039604,0.923809523809524,0.941747572815534,4.0,4,0.0330983677216,0.0966339997415031,,16589.323203661013
0.4279835390946502,0.0,0.7482014388489209,0.0,0.0,0.0,7.0,0,0.5768627733436983,0.5603484382044595,,16650.680103196995
0.9811425987337956,0.9625939863082272,0.9856115107913668,0.9541284403669724,0.9904761904761904,0.97196261682243,4.0,7,0.0013977656444093,0.0666500915210905,,16669.94785077707
0.9595112369201352,0.9199263777578258,0.9688249400479616,0.9107142857142856,0.9714285714285714,0.9400921658986175,4.0,5,0.0204146428949246,0.1140071270721299,,16670.942994571058
0.947672229890827,0.8974943863601985,0.9592326139088728,0.8793103448275862,0.9714285714285714,0.9230769230769232,7.0,1,0.057756728444026,0.1144613669987521,,16673.499788768124
0.4279835390946502,0.0,0.7482014388489209,0.0,0.0,0.0,7.0,1,0.5738345101507488,0.5599548462426888,,16748.889014788205
0.9622851974675912,0.9248718086660384,0.9712230215827338,0.926605504587156,0.961904761904762,0.9439252336448598,4.0,6,0.0172314168924813,0.1021297770951475,,16752.37665744219
0.9745421245421246,0.949084249084249,0.9808153477218226,0.961904761904762,0.961904761904762,0.961904761904762,7.0,2,0.0364765047554551,0.0924990095910923,,16771.36213395209
0.9811425987337956,0.9625939863082272,0.9856115107913668,0.9541284403669724,0.9904761904761904,0.97196261682243,4.0,8,0.0010557975146861,0.0666786877300869,,16772.416659443174
0.9622851974675912,0.9248718086660384,0.9712230215827338,0.926605504587156,0.961904761904762,0.9439252336448598,4.0,7,0.0177256595264425,0.1014351501528705,,16834.19012026908
0.4279835390946502,0.0,0.7482014388489209,0.0,0.0,0.0,7.0,2,0.5687928577221787,0.5668577793634163,,16845.957405009074
0.9567811667160202,0.9153700403451656,0.9664268585131894,0.8956521739130435,0.9809523809523808,0.9363636363636364,7.0,3,0.0250076103423012,0.1338064438006665,,16869.460854606004
0.9811425987337956,0.9625939863082272,0.9856115107913668,0.9541284403669724,0.9904761904761904,0.97196261682243,4.0,9,0.0007035107187579,0.0689336765556978,,16874.57319711917
0.9622851974675912,0.9248718086660384,0.9712230215827338,0.926605504587156,0.961904761904762,0.9439252336448598,4.0,8,0.007925313676439,0.1094459614583424,,16908.98541462212
0.4279835390946502,0.0,0.7482014388489209,0.0,0.0,0.0,7.0,3,0.5787401465274123,0.5597315171979508,,16943.66720717214
0.95328219644631,0.9074610076556288,0.9640287769784172,0.9017857142857144,0.961904761904762,0.9308755760368664,7.0,4,0.0167857801922642,0.1170480635724434,,16960.89607747807
0.949084249084249,0.8981684981684982,0.9616306954436452,0.923809523809524,0.923809523809524,0.923809523809524,5.0,0,0.2203340447966509,0.1073978597974791,,16983.155687191058
0.9622851974675912,0.9248718086660384,0.9712230215827338,0.926605504587156,0.961904761904762,0.9439252336448598,4.0,9,0.0067165201525914,0.1061255929193326,,16990.089093558025
0.4277854195323246,0.0,0.7475961538461539,0.0,0.0,0.0,8.0,0,0.5394178878968713,0.565697067632125,,17047.619256907143
0.9677663719003152,0.9358518448266288,0.9760191846522782,0.9702970297029704,0.9333333333333332,0.9514563106796116,7.0,5,0.0119517492344488,0.1237481605471056,,17058.068404578138
0.8636809414841451,0.7350672541979903,0.9040767386091128,0.8823529411764706,0.7142857142857143,0.7894736842105263,5.0,0,0.4833613664416943,0.2767731994390487,,17072.99175885506
0.9557271127828671,0.9115298356309568,0.9664268585131894,0.9252336448598132,0.9428571428571428,0.9339622641509434,5.0,1,0.0551150665444228,0.1104577267860976,,17083.86477555707
0.4277854195323246,0.0,0.7475961538461539,0.0,0.0,0.0,8.0,1,0.567872686299688,0.5707880132473432,,17139.742037372198
0.9304283200873628,0.8609297369278006,0.947242206235012,0.8878504672897196,0.9047619047619048,0.8962264150943396,5.0,1,0.2281209344075898,0.1436672380992344,,17154.527187202126
0.9543108182317408,0.9125773543391996,0.9639423076923076,0.875,1.0,0.9333333333333332,8.0,0,0.1928797412568381,0.1206032181194482,,17162.836676937062
0.9657402773939608,0.932391747860023,0.973621103117506,0.9196428571428572,0.9809523809523808,0.9493087557603688,5.0,2,0.0256114713330097,0.1364320563630174,,17185.816141846124
0.943077716435115,0.8862297862793787,0.9568345323741008,0.9065420560747663,0.923809523809524,0.9150943396226416,5.0,2,0.1336135635057748,0.1078113067362989,,17235.17882553721
0.4277854195323246,0.0,0.7475961538461539,0.0,0.0,0.0,8.0,2,0.5684050372732219,0.5649465792454206,,17236.84090056806
0.96571128844929,0.9323353178502723,0.9735576923076924,0.9196428571428572,0.9809523809523808,0.9493087557603688,8.0,1,0.0640038066565482,0.1038407281560536,,17260.565113084158
0.9679743180142542,0.9360274045574832,0.9760191846522782,0.9611650485436892,0.9428571428571428,0.9519230769230768,5.0,3,0.0203892353986728,0.085612145858764,,17288.884865785018
0.952999962430026,0.9064624945824716,0.9640287769784172,0.9090909090909092,0.9523809523809524,0.9302325581395348,5.0,3,0.0672228760954182,0.1071022815470184,,17316.21144464705
0.4277854195323246,0.0,0.7475961538461539,0.0,0.0,0.0,8.0,3,0.5827816266622117,0.5662155770338498,,17333.88079683506
0.9712457855568442,0.9425112539859484,0.9783653846153846,0.9615384615384616,0.9523809523809524,0.9569377990430622,8.0,2,0.0366874996298511,0.0749766019809892,,17352.587023215136
0.9710838360723943,0.9423467714935562,0.9784172661870504,0.9705882352941176,0.9428571428571428,0.9565217391304348,5.0,4,0.0101879242533219,0.1064277018210631,,17391.164190316107
0.9597505290121394,0.9209790374781304,0.9688249400479616,0.9035087719298246,0.9809523809523808,0.9406392694063926,5.0,4,0.036396307120952,0.1221798107560191,,17397.206624007085
0.4277854195323246,0.0,0.7475961538461539,0.0,0.0,0.0,9.0,0,0.5761391761651171,0.569755338705503,,17437.474048377015
0.9717764124985866,0.94402758834904,0.9783653846153846,0.9363636363636364,0.9809523809523808,0.958139534883721,8.0,3,0.0229081479531687,0.0482933209249705,,17450.212338411016
0.9712688995215312,0.9425574501688014,0.9784172661870504,0.9615384615384616,0.9523809523809524,0.9569377990430622,5.0,5,0.0303879135951273,0.0870489242619701,,17479.57108701812
0.9679743180142542,0.9360274045574832,0.9760191846522782,0.9611650485436892,0.9428571428571428,0.9519230769230768,5.0,5,0.0103689220245008,0.1132764631793351,,17492.56004616199
0.4277854195323246,0.0,0.7475961538461539,0.0,0.0,0.0,9.0,1,0.5699359575695575,0.5876217301075275,,17535.03930206108
0.9508006717600588,0.903237681676516,0.9639423076923076,0.96875,0.8857142857142857,0.9253731343283582,8.0,4,0.0128303439825398,0.1319690124538073,,17548.327102949144
0.9712688995215312,0.9425574501688014,0.9784172661870504,0.9615384615384616,0.9523809523809524,0.9569377990430622,5.0,6,0.0183623804103077,0.0894293031389159,,17561.077975762077
0.952711437708376,0.9055913098075856,0.9640287769784172,0.9166666666666666,0.9428571428571428,0.9295774647887324,5.0,6,0.0077445831519416,0.1914594301953637,,17595.129535641056
0.4277854195323246,0.0,0.7475961538461539,0.0,0.0,0.0,9.0,2,0.5679551797952733,0.5649777157948568,,17632.591286545154
0.9625134843581444,0.9256974732939866,0.9712230215827338,0.918918918918919,0.9714285714285714,0.9444444444444444,5.0,7,0.0097142985185324,0.1220789973491004,,17641.934920571977
0.9545397776945173,0.9097956616653636,0.966346153846154,0.9595959595959596,0.9047619047619048,0.931372549019608,8.0,5,0.0258528068953348,0.127076035643068,,17646.075779993087
0.9615691816171048,0.923216474148514,0.9712230215827338,0.9514563106796116,0.9333333333333332,0.9423076923076924,5.0,7,0.0075065671377676,0.1574114972165673,,17696.88509961404
0.9683765091306196,0.9368298849825348,0.9760191846522782,0.9439252336448598,0.961904761904762,0.9528301886792452,5.0,8,0.0093564578406986,0.1131795710617942,,17721.11709439708
0.4277854195323246,0.0,0.7475961538461539,0.0,0.0,0.0,9.0,3,0.5700944283687229,0.5658801203736892,,17730.22277993406
0.9779137940188248,0.9560019029549552,0.9831730769230768,0.9537037037037036,0.9809523809523808,0.9671361502347418,8.0,6,0.0208218176796129,0.0998712965035967,,17742.45089462609
0.9453743595714952,0.8951671897646359,0.9568345323741008,0.859504132231405,0.9904761904761904,0.9203539823008848,6.0,0,0.1957764172428119,0.1274056659290953,,17800.527858802117
0.8754985645933014,0.7510143426052585,0.9064748201438848,0.8173076923076923,0.8095238095238095,0.8133971291866029,6.0,0,0.4535588581683272,0.2730410652501242,,17803.626226450084
0.4277854195323246,0.0,0.7475961538461539,0.0,0.0,0.0,10.0,0,0.5755359545222986,0.5685829801055101,,17827.112850701204
0.9779137940188248,0.9560019029549552,0.9831730769230768,0.9537037037037036,0.9809523809523808,0.9671361502347418,8.0,7,0.0088542627562963,0.0972004757895774,,17841.624814057024
0.8752564102564102,0.7592236464295127,0.8992805755395683,0.7441860465116279,0.9142857142857144,0.8205128205128205,6.0,1,0.2119734653476941,0.2115348598786763,,17885.457974978024
0.9421784345922276,0.8882438526021303,0.9544364508393284,0.8583333333333333,0.9809523809523808,0.9155555555555556,6.0,1,0.0608874287586341,0.1255833584769136,,17902.707741113147
0.4277854195323246,0.0,0.7475961538461539,0.0,0.0,0.0,10.0,1,0.5697331674126928,0.5738068721615351,,17924.93249365012
0.9779137940188248,0.9560019029549552,0.9831730769230768,0.9537037037037036,0.9809523809523808,0.9671361502347418,8.0,8,0.0119910156411864,0.0764091819166004,,17939.45043410198
0.9243408399799694,0.853509765417641,0.9400479616306956,0.8278688524590164,0.961904761904762,0.8898678414096917,6.0,2,0.1221838621264797,0.1469724614705358,,17966.874696963
0.9714498718173036,0.9429191552609616,0.9784172661870504,0.9528301886792452,0.961904761904762,0.957345971563981,6.0,2,0.0366619050055111,0.0944613687867597,,18004.557856270112
0.4277854195323246,0.0,0.7475961538461539,0.0,0.0,0.0,10.0,2,0.571197104257053,0.5651773850505168,,18022.394394800067
0.9721111086281258,0.9457263744654798,0.9783653846153846,0.9210526315789472,1.0,0.958904109589041,8.0,9,0.0202754246959485,0.1186305741032881,,18037.41842493904
0.9648842105263158,0.9297879096645651,0.973621103117506,0.9519230769230768,0.9428571428571428,0.9473684210526316,6.0,3,0.0639960761103084,0.0919798213456358,,18048.43448202219
0.9679743180142542,0.9360274045574832,0.9760191846522782,0.9611650485436892,0.9428571428571428,0.9519230769230768,6.0,3,0.0176284096497202,0.0854391124245561,,18107.504072113195
0.4277854195323246,0.0,0.7475961538461539,0.0,0.0,0.0,10.0,3,0.5717170478692696,0.5652119528788787,,18113.44157940615
0.947672229890827,0.8974943863601985,0.9592326139088728,0.8793103448275862,0.9714285714285714,0.9230769230769232,6.0,4,0.0318920879419577,0.1146967432328632,,18129.713786834152
0.9592325958312916,0.9189323441319523,0.96875,0.9181818181818182,0.961904761904762,0.9395348837209302,9.0,0,0.2075308816267181,0.087464311372829,,18137.131664810004
0.4719927645462767,-0.0559870595841699,0.5971223021582733,0.2129629629629629,0.2169811320754717,0.2149532710280373,1.0,0,0.7061684646848905,0.6856183324541364,,18198.38863340509
0.9776535885167464,0.9553269906730376,0.9832134292565948,0.971153846153846,0.961904761904762,0.9665071770334928,6.0,4,0.0135222054372389,0.1043892942086457,,18209.540552048013
0.9590165793472591,0.9182029912085728,0.9688249400479616,0.925925925925926,0.9523809523809524,0.9389671361502347,6.0,5,0.0209549911225498,0.1205915457436016,,18210.321882057004
0.9704804030560352,0.9426406677899212,0.9783653846153846,1.0,0.9142857142857144,0.9552238805970148,9.0,1,0.066164135692521,0.0688203121591448,,18238.76423221198
0.4271978021978022,0.0,0.7458033573141487,0.0,0.0,0.0,1.0,1,0.6700464345641055,0.653202474117279,,18277.459841773147
0.9559993970455232,0.9122977494519754,0.9664268585131894,0.9174311926605504,0.9523809523809524,0.9345794392523364,6.0,6,0.0184561658603281,0.109498342765229,,18291.826347286114
0.9620518109567432,0.9241798603067458,0.9712230215827338,0.9345794392523364,0.9523809523809524,0.9433962264150944,6.0,5,0.0050027888919779,0.1410533564256115,,18305.11211869609
0.9587273240683504,0.9174737733392322,0.96875,0.9339622641509434,0.9428571428571428,0.9383886255924172,9.0,2,0.0271719104870021,0.0909186832874323,,18340.015319075203
0.4271978021978022,0.0,0.7458033573141487,0.0,0.0,0.0,1.0,2,0.6419692069797193,0.629879525729588,,18357.69835592504
0.8399505309394857,0.699438444501789,0.8920863309352518,0.9054054054054054,0.638095238095238,0.7486033519553073,7.0,0,0.4828836210703445,0.3096655373062406,,18379.56770549598
0.9716268626250256,0.9434263540105476,0.9784172661870504,0.9444444444444444,0.9714285714285714,0.9577464788732394,6.0,6,0.0078839643048926,0.1273092782635017,,18407.37373167905
0.4271978021978022,0.0,0.7458033573141487,0.0,0.0,0.0,1.0,3,0.6216145622528205,0.6131143484796796,,18437.544770481065
0.9710608695652174,0.9423011241966894,0.9783653846153846,0.9705882352941176,0.9428571428571428,0.9565217391304348,9.0,3,0.0165718643894156,0.0656473339086705,,18441.462572837016
0.902008397042236,0.8052142985739632,0.9280575539568344,0.8865979381443299,0.819047619047619,0.8514851485148515,7.0,1,0.2267695173494896,0.1957449678863798,,18461.45730691008
0.9683765091306196,0.9368298849825348,0.9760191846522782,0.9439252336448598,0.961904761904762,0.9528301886792452,6.0,7,0.0024890892003244,0.1428162957958159,,18509.7014303382
0.4271978021978022,0.0,0.7458033573141487,0.0,0.0,0.0,1.0,4,0.6065891435590841,0.6010648437908718,,18517.15473272698
0.9081660924235428,0.8261763623425821,0.9256594724220624,0.7846153846153846,0.9714285714285714,0.8680851063829788,7.0,2,0.1290313201814384,0.1956182877932276,,18536.808346812148
0.8733637747336378,0.7740990163348347,0.9158653846153846,1.0,0.6666666666666666,0.8,9.0,4,0.0121207686915208,0.4134253753613498,,18541.646716491086
0.4264099037138927,-0.0286237198597586,0.7434052757793765,0.0,0.0,0.0,2.0,0,0.674539836786561,0.6572073527744838,,18596.786518902984
0.9456748306409588,0.8968885134890054,0.9568345323741008,0.8536585365853658,1.0,0.9210526315789472,7.0,0,0.2265321162021927,0.1374580359156682,,18617.54220626317
0.9054475369876992,0.8214574794363889,0.9232613908872902,0.7786259541984732,0.9714285714285714,0.864406779661017,7.0,3,0.0788597782000394,0.2157796259437288,,18617.814811583143
0.9806445609355128,0.9616141224838132,0.9855769230769232,0.99009900990099,0.9523809523809524,0.970873786407767,10.0,0,0.2224665317428248,0.0630046068153415,,18644.35533088004
0.4271978021978022,0.0,0.7458033573141487,0.0,0.0,0.0,2.0,1,0.6481641460273225,0.6320092167173114,,18676.272438846994
0.9595112369201352,0.9199263777578258,0.9688249400479616,0.9107142857142856,0.9714285714285714,0.9400921658986175,7.0,4,0.0408911779680747,0.1202212468321834,,18699.17199548404
0.9557271127828671,0.9115298356309568,0.9664268585131894,0.9252336448598132,0.9428571428571428,0.9339622641509434,7.0,1,0.0680574143210104,0.1134837105659381,,18720.09271241119
0.9670886075949368,0.9362564689451264,0.9759615384615384,1.0,0.9047619047619048,0.95,10.0,1,0.0658981770163834,0.0550584726599761,,18745.604608498048
0.4271978021978022,0.0,0.7458033573141487,0.0,0.0,0.0,2.0,2,0.6269953543856993,0.6141892501286098,,18756.63354187901
0.9506070476754516,0.9030073862829836,0.9616306954436452,0.8869565217391304,0.9714285714285714,0.9272727272727272,7.0,5,0.0174712712908068,0.1700589465243475,,18780.110418290133
0.9562657317511688,0.9131965553120702,0.9664268585131894,0.90990990990991,0.961904761904762,0.9351851851851852,7.0,2,0.0238473571914889,0.1393572092981556,,18822.990473368205
0.4271978021978022,0.0,0.7458033573141487,0.0,0.0,0.0,2.0,3,0.6126513299295457,0.6009235211781093,,18836.720951448195
0.9592325958312916,0.9189323441319523,0.96875,0.9181818181818182,0.961904761904762,0.9395348837209302,10.0,2,0.0308169045461106,0.1067784505307477,,18846.74550939817
0.9625134843581444,0.9256974732939866,0.9712230215827338,0.918918918918919,0.9714285714285714,0.9444444444444444,7.0,6,0.014285863337691,0.1309875384904444,,18861.215076761087
0.4271978021978022,0.0,0.7458033573141487,0.0,0.0,0.0,2.0,4,0.6006676352630227,0.590939462184906,,18916.64715404017
0.9685709978896592,0.9374458678801012,0.9760191846522782,0.9357798165137616,0.9714285714285714,0.9532710280373832,7.0,3,0.0245725217082392,0.0810949912084429,,18924.9327400981
0.9595112369201352,0.9199263777578258,0.9688249400479616,0.9107142857142856,0.9714285714285714,0.9400921658986175,7.0,7,0.0133143710643368,0.1471731292882136,,18942.29576129513
0.9870963739570088,0.9745204452763044,0.9903846153846154,1.0,0.961904761904762,0.9805825242718448,10.0,3,0.034935364834165,0.0691199039569115,,18945.75233855401
0.4931982942430704,0.0585956955925056,0.7266187050359713,0.3448275862068966,0.0952380952380952,0.1492537313432835,3.0,0,0.6967942371206769,0.6761048521314349,,18997.7768171872
0.9506070476754516,0.9030073862829836,0.9616306954436452,0.8869565217391304,0.9714285714285714,0.9272727272727272,7.0,8,0.0085000083584464,0.1784028854453936,,19023.56500262115
0.9597505290121394,0.9209790374781304,0.9688249400479616,0.9035087719298246,0.9809523809523808,0.9406392694063926,7.0,4,0.0092889956372666,0.1691282969024438,,19027.74085840606
0.9838176372194344,0.9681485596302692,0.9879807692307692,1.0,0.9523809523809524,0.975609756097561,10.0,4,0.019339053090887,0.0702140956606084,,19047.12402648712
0.4279835390946502,0.0,0.7482014388489209,0.0,0.0,0.0,3.0,1,0.6600046814498255,0.644589364528656,,19078.19673604612
0.9535583027063148,0.9085827862716368,0.9640287769784172,0.8947368421052632,0.9714285714285714,0.9315068493150684,7.0,9,0.005913031465074,0.1807446282390239,,19104.47703680815
0.9685709978896592,0.9374458678801012,0.9760191846522782,0.9357798165137616,0.9714285714285714,0.9532710280373832,7.0,5,0.0039844897423548,0.1321662715873692,,19128.53087335406
0.9806445609355128,0.9616141224838132,0.9855769230769232,0.99009900990099,0.9523809523809524,0.970873786407767,10.0,5,0.0127608950687587,0.0788447979139164,,19148.330489475047
0.4279835390946502,0.0,0.7482014388489209,0.0,0.0,0.0,3.0,2,0.6348313042673014,0.6220936519759042,,19157.84549797513
0.8496306773534497,0.7003701589704092,0.8894230769230769,0.8041237113402062,0.7428571428571429,0.7722772277227723,8.0,0,0.4487108585693068,0.2644327857664653,,19187.27424266003
0.9421784345922276,0.8882438526021303,0.9544364508393284,0.8583333333333333,0.9809523809523808,0.9155555555555556,7.0,6,0.0142208525119554,0.2908808662982236,,19230.310461011017
0.4279835390946502,0.0,0.7482014388489209,0.0,0.0,0.0,3.0,3,0.6163061847121029,0.606958772454943,,19237.96109936013
0.9773446921072082,0.9551984052635109,0.9831730769230768,0.99,0.9428571428571428,0.9658536585365852,10.0,6,0.015880222084993,0.0961979571613763,,19247.442964975024
0.9291421969769904,0.8603861889961893,0.9447115384615384,0.853448275862069,0.9428571428571428,0.8959276018099548,8.0,1,0.2064867589180752,0.1552624904683658,,19266.56839388702
0.4279835390946502,0.0,0.7482014388489209,0.0,0.0,0.0,4.0,0,0.6745976431895111,0.658950320311955,,19317.45884754602
0.854689366786141,0.7226587563452508,0.8992805755395683,0.9,0.6792452830188679,0.7741935483870968,1.0,0,0.4848553098864474,0.295678300516946,,19334.346541983075
0.9407740436851372,0.8824316261073859,0.9543269230769232,0.8839285714285714,0.9428571428571428,0.912442396313364,8.0,0,0.210575934600776,0.1434579699595745,,19335.08204102004
0.9490430255703568,0.8980860511407135,0.9615384615384616,0.923809523809524,0.923809523809524,0.923809523809524,8.0,2,0.1065414160237473,0.0926506886524813,,19348.025884738192
0.4279835390946502,0.0,0.7482014388489209,0.0,0.0,0.0,4.0,1,0.6469817666684167,0.6349546653883797,,19400.06066274201
0.9333830342403748,0.8667845269825568,0.9496402877697842,0.9047619047619048,0.8962264150943396,0.9004739336492891,1.0,1,0.2160181372852648,0.1474798555885042,,19418.11263955012
0.9511278195488722,0.9057051399310974,0.9615384615384616,0.8739495798319328,0.9904761904761904,0.9285714285714286,8.0,3,0.0523730846342899,0.1018819340637752,,19430.06805546908
0.9360351455244372,0.8759333215780889,0.9495192307692308,0.85,0.9714285714285714,0.9066666666666666,8.0,1,0.0755479422694286,0.1341124832442101,,19437.10036348016
0.4279835390946502,0.0,0.7482014388489209,0.0,0.0,0.0,4.0,2,0.6267949221497875,0.6170567274093628,,19482.463155699195
0.9494024146089912,0.8988048292179822,0.9616306954436452,0.9245283018867924,0.9245283018867924,0.9245283018867924,1.0,2,0.1210682871356859,0.0973967140806572,,19501.13113385602
0.9446145653042204,0.8901973824962067,0.9591346153846154,0.9489795918367347,0.8857142857142857,0.916256157635468,8.0,4,0.0317036511092367,0.1002383339884025,,19511.50618707016
0.9714266089703965,0.9428726613214722,0.9783653846153846,0.9528301886792452,0.961904761904762,0.957345971563981,8.0,2,0.0305381761283612,0.0624230347815542,,19539.78331240616
0.4279835390946502,0.0,0.7482014388489209,0.0,0.0,0.0,4.0,3,0.611144739692494,0.6032194324902126,,19564.66317018308
0.9620518109567432,0.9241036219134866,0.9712230215827338,0.9433962264150944,0.9433962264150944,0.9433962264150944,1.0,3,0.0594276878982782,0.095087698926883,,19578.27601773804
0.9433808184375284,0.8870561671489923,0.9567307692307692,0.8990825688073395,0.9333333333333332,0.9158878504672896,8.0,5,0.0289799602883789,0.1056119379188333,,19592.095142895123
0.9629233511586452,0.9276719784358892,0.971153846153846,0.9043478260869564,0.9904761904761904,0.9454545454545454,8.0,3,0.0140035170526839,0.1218126547358294,,19642.92258794513
0.4279835390946502,0.0,0.7482014388489209,0.0,0.0,0.0,5.0,0,0.655468015347497,0.6412199224744525,,19653.42990947305
0.9716268626250256,0.9432729039764592,0.9784172661870504,0.9532710280373832,0.9622641509433962,0.9577464788732394,1.0,4,0.037331004516553,0.086775933658438,,19661.086343765022
0.9564892567910828,0.9141499438444844,0.966346153846154,0.9026548672566372,0.9714285714285714,0.9357798165137616,8.0,6,0.0141208142878771,0.1079519055783748,,19672.93094875617
0.4279835390946502,0.0,0.7482014388489209,0.0,0.0,0.0,5.0,1,0.6328875422477722,0.6217973061970302,,19735.968226541067
0.9595112369201352,0.9194834932734198,0.9688249400479616,0.918918918918919,0.9622641509433962,0.9400921658986175,1.0,5,0.0211706970329001,0.106923028028437,,19744.030568772
0.9691027926322044,0.9400453005375704,0.9759615384615384,0.9130434782608696,1.0,0.9545454545454546,8.0,4,0.0151295573889664,0.1153467109050745,,19744.684340480017
0.9505644682115272,0.9029253342325272,0.9615384615384616,0.8869565217391304,0.9714285714285714,0.9272727272727272,8.0,7,0.0099640505356808,0.1260236251567091,,19754.66042758408
0.4279835390946502,0.0,0.7482014388489209,0.0,0.0,0.0,5.0,2,0.6160378688472813,0.6072713817868914,,19818.75567891402
0.9714498718173036,0.9429191552609616,0.9784172661870504,0.961904761904762,0.9528301886792452,0.957345971563981,1.0,6,0.0174453606813262,0.0939382779012833,,19827.06393736904
0.9466887791639969,0.8938370999148652,0.9591346153846154,0.9,0.9428571428571428,0.9209302325581395,8.0,8,0.0094825420903547,0.1152036424194063,,19836.15358170704
0.9687349687349688,0.9381469956464916,0.9759615384615384,0.927927927927928,0.9809523809523808,0.9537037037037036,8.0,5,0.0043988803049023,0.1253466797038877,,19846.86893223808
0.4279835390946502,0.0,0.7482014388489209,0.0,0.0,0.0,5.0,3,0.6016011440147788,0.5972273775509426,,19901.403742991155
0.9714498718173036,0.9429191552609616,0.9784172661870504,0.961904761904762,0.9528301886792452,0.957345971563981,1.0,7,0.0159435851748054,0.0937325687347246,,19908.559811505023
0.9526724157546248,0.9055135455055124,0.9639423076923076,0.9166666666666666,0.9428571428571428,0.9295774647887324,8.0,9,0.0053051700697169,0.1378248770322118,,19911.62118635606
0.94997594997595,0.90061269466336,0.9615384615384616,0.9009009009009008,0.9523809523809524,0.925925925925926,9.0,0,0.2129850232822777,0.1046488699771893,,19954.38186461106
0.3771079964261782,-0.2411029133443498,0.486810551558753,0.1021897810218978,0.1333333333333333,0.1157024793388429,6.0,0,0.7194375799874128,0.6951469693865094,,19983.767273843056
0.8704029835284368,0.7449675853189609,0.9064748201438848,0.8681318681318682,0.7452830188679245,0.8020304568527918,2.0,0,0.4532443524922355,0.2741934997694833,,19993.07858315599
0.8164513079104948,0.6736274025084035,0.8822115384615384,0.9516129032258064,0.5619047619047619,0.7065868263473054,9.0,0,0.4737074655496468,0.3093862405845097,,19993.743183835177
0.9430310407790627,0.8861365577897682,0.9567307692307692,0.9065420560747663,0.923809523809524,0.9150943396226416,9.0,1,0.0647543260178812,0.130521702882386,,20056.89900001418
0.4279835390946502,0.0,0.7482014388489209,0.0,0.0,0.0,6.0,1,0.6781463229050071,0.6580609168325152,,20066.924335808028
0.901580542009143,0.8031787774191521,0.9254807692307692,0.8490566037735849,0.8571428571428571,0.8530805687203792,9.0,1,0.2303798674779423,0.1777958561267171,,20074.9982010962
0.9016606695929344,0.8033390034172195,0.9256594724220624,0.8571428571428571,0.8490566037735849,0.8530805687203792,2.0,1,0.210602268702903,0.1756364298718316,,20076.08344684216
0.4279835390946502,0.0,0.7482014388489209,0.0,0.0,0.0,6.0,2,0.6496481238785436,0.632370616708483,,20148.715840984136
0.9430310407790627,0.8861365577897682,0.9567307692307692,0.9065420560747663,0.923809523809524,0.9150943396226416,9.0,2,0.1262154026051699,0.1299338042736053,,20156.68700169912
0.970678299278705,0.9423590996760676,0.9783653846153846,0.9897959183673468,0.923809523809524,0.955665024630542,9.0,2,0.0299758551408847,0.0740306661581808,,20158.31236286717
0.9255532624452808,0.8582708101738852,0.9400479616306956,0.8188976377952756,0.981132075471698,0.8927038626609443,2.0,2,0.1150538517256914,0.1886994593909808,,20158.87013964216
0.4279835390946502,0.0,0.7482014388489209,0.0,0.0,0.0,6.0,3,0.6284510422561128,0.6145187786647252,,20230.55339151621
0.9426734037666512,0.8853468075333027,0.9567307692307692,0.9142857142857144,0.9142857142857144,0.9142857142857144,9.0,3,0.0647375408433756,0.1292363644710608,,20238.41001478117
0.929203605146413,0.8598109825533956,0.9448441247002398,0.8608695652173913,0.9339622641509434,0.8959276018099548,2.0,3,0.06219262705516,0.1324441001883574,,20242.142731803004
0.9646299516908212,0.9294377892992088,0.9735576923076924,0.9607843137254902,0.9333333333333332,0.9468599033816424,9.0,3,0.0187395178564716,0.0715836241948776,,20261.211235579103
0.4279835390946502,0.0,0.7482014388489209,0.0,0.0,0.0,6.0,4,0.6132414613739919,0.6013918944767543,,20312.325936765177
0.9551282051282052,0.9103339881734722,0.966346153846154,0.941747572815534,0.923809523809524,0.9326923076923076,9.0,4,0.0319243505818106,0.1267614525609783,,20319.36395952408
0.9393048439683278,0.8819633501209861,0.9520383693045564,0.8583333333333333,0.9716981132075472,0.911504424778761,2.0,4,0.0414019872639643,0.1527771377669913,,20323.424897895195
0.9710608695652174,0.9423011241966894,0.9783653846153846,0.9705882352941176,0.9428571428571428,0.9565217391304348,9.0,4,0.0113057367881124,0.0873887486695121,,20363.03290010919
0.4301142891697406,-0.0548194354692795,0.7290167865707434,0.1,0.0095238095238095,0.017391304347826,7.0,0,0.693291971238993,0.6759233134133475,,20395.78413401312
0.9589827603206746,0.918135634867873,0.96875,0.925925925925926,0.9523809523809524,0.9389671361502347,9.0,5,0.022813325503178,0.1287284150187458,,20400.159392951056
0.9357298554894204,0.8735525769674042,0.9496402877697842,0.8632478632478633,0.9528301886792452,0.905829596412556,2.0,5,0.0230565885223953,0.1592200295334415,,20406.48743686499
0.9592325958312916,0.9189323441319523,0.96875,0.9181818181818182,0.961904761904762,0.9395348837209302,9.0,5,0.0048822423579936,0.0964757371987686,,20465.23236835003
0.4279835390946502,0.0,0.7482014388489209,0.0,0.0,0.0,7.0,1,0.6598585551067934,0.6441775645528521,,20478.34101558221
0.9490430255703568,0.8980860511407135,0.9615384615384616,0.923809523809524,0.923809523809524,0.923809523809524,9.0,6,0.0171598366903677,0.1430158676313502,,20480.48895386816
0.9470531559724846,0.8945598962443626,0.9592326139088728,0.9009009009009008,0.9433962264150944,0.9216589861751152,2.0,6,0.0130176293561077,0.1221866676184747,,20488.676746323006
0.4279835390946502,0.0,0.7482014388489209,0.0,0.0,0.0,7.0,2,0.6344500052726875,0.6224704214504787,,20560.46816469007
0.9579258567705294,0.9163479421632348,0.96875,0.96,0.9142857142857144,0.9365853658536586,9.0,7,0.0153285155104378,0.1530895912354546,,20561.710777717177
0.9610340951667292,0.9227905112877772,0.971153846153846,0.9696969696969696,0.9142857142857144,0.9411764705882352,10.0,0,0.2081196100762816,0.088865850908825,,20568.924831051147
0.9450673302107728,0.8926428336580822,0.9568345323741008,0.8728813559322034,0.9716981132075472,0.9196428571428572,2.0,7,0.012898465728987,0.1680474420344191,,20571.637928895187
0.9573605821920508,0.9163720103809844,0.96875,0.9791666666666666,0.8952380952380953,0.9353233830845772,9.0,8,0.0121792139272379,0.1651743870960282,,20642.707559533184
0.4279835390946502,0.0,0.7482014388489209,0.0,0.0,0.0,7.0,3,0.6178477537834038,0.6060690454074315,,20643.012741963143
0.938963700234192,0.8804156529717038,0.9520383693045564,0.864406779661017,0.9622641509433962,0.9107142857142856,2.0,8,0.0144090042923087,0.1670476874070508,,20654.35439620004
0.9808911345888838,0.9617822691777675,0.9855769230769232,0.9714285714285714,0.9714285714285714,0.9714285714285714,10.0,1,0.0567262518916652,0.0526406554921637,,20669.17074839212
0.4279835390946502,0.0,0.7482014388489209,0.0,0.0,0.0,7.0,4,0.6044448422173322,0.5946875470025199,,20725.094077418093
0.8246534282502811,0.6498986692170949,0.8701923076923077,0.7575757575757576,0.7142857142857143,0.7352941176470589,10.0,0,0.4600951014939001,0.3054552227258682,,20725.217060391093
0.9557271127828671,0.9114542255657344,0.9664268585131894,0.9339622641509434,0.9339622641509434,0.9339622641509434,2.0,9,0.0130310681100019,0.1141849245842812,,20731.355768455192
0.967528412638941,0.9357853609101906,0.9759615384615384,0.9797979797979798,0.923809523809524,0.9509803921568628,10.0,2,0.0256289978778344,0.0664828290609875,,20771.913878282063
0.9075760942012886,0.8243222439024614,0.935096153846154,0.9642857142857144,0.7714285714285715,0.8571428571428571,10.0,1,0.2301089819205009,0.1670350985867636,,20806.87906715716
0.4277854195323246,0.0,0.7475961538461539,0.0,0.0,0.0,8.0,0,0.66725834042339,0.652268648147583,,20813.151078925
0.8833548796806605,0.7668628143967251,0.9112709832134293,0.8148148148148148,0.8380952380952381,0.8262910798122066,3.0,0,0.4769204289226209,0.2796623004334314,,20814.903648652136
0.9536054551827422,0.9101939327880368,0.966346153846154,0.989247311827957,0.8761904761904762,0.9292929292929292,10.0,3,0.0100737766221923,0.1900812963733467,,20874.444754347205
0.9354411872809992,0.8785728950350857,0.9543269230769232,1.0,0.819047619047619,0.900523560209424,10.0,2,0.1392272853497731,0.1173974280910832,,20888.399954857072
0.4277854195323246,0.0,0.7475961538461539,0.0,0.0,0.0,8.0,1,0.6421094880265704,0.6302036557878766,,20896.18013131712
0.9151148494051932,0.837688105107799,0.9400479616306956,0.9651162790697676,0.7904761904761904,0.8691099476439791,3.0,1,0.2187285471265599,0.1674090006521769,,20898.245361843143
0.967528412638941,0.9357853609101906,0.9759615384615384,0.9797979797979798,0.923809523809524,0.9509803921568628,10.0,3,0.0692103694871825,0.0608322343655994,,20970.775716703152
0.9743589743589745,0.9487975023164285,0.9807692307692308,0.970873786407767,0.9523809523809524,0.9615384615384616,10.0,4,0.0111657112138656,0.0633865209238138,,20975.72152814013
0.4277854195323246,0.0,0.7475961538461539,0.0,0.0,0.0,8.0,2,0.623013842914064,0.6140653235571725,,20978.365742361173
0.9521148325358852,0.9042488286560928,0.9640287769784172,0.9326923076923076,0.923809523809524,0.9282296650717704,3.0,2,0.1154723730948516,0.1132093029362814,,20980.97591726901
0.960506329113924,0.9230737750517036,0.971153846153846,0.9894736842105264,0.8952380952380953,0.94,10.0,4,0.0416659481065758,0.0702425848160471,,21049.400548126083
0.4277854195323246,0.0,0.7475961538461539,0.0,0.0,0.0,8.0,3,0.6104089516704365,0.602556220122746,,21060.80040061404
0.9681776556776556,0.9363553113553114,0.9760191846522782,0.9523809523809524,0.9523809523809524,0.9523809523809524,3.0,3,0.0625579729044841,0.0873368313269955,,21063.081767079188
0.8954756235117183,0.7928057577350743,0.9232613908872902,0.8854166666666666,0.8018867924528302,0.8415841584158416,1.0,0,0.3712215280255018,0.1997018206332411,,21068.036881519016
0.9808911345888838,0.9617822691777675,0.9855769230769232,0.9714285714285714,0.9714285714285714,0.9714285714285714,10.0,5,0.0224256061443711,0.041451320318239,,21132.340696133208
0.961064425770308,0.922850041990169,0.9712230215827338,0.9696969696969696,0.9142857142857144,0.9411764705882352,3.0,4,0.0378212615752876,0.104197156216417,,21142.87726435717
0.4277854195323246,0.0,0.7475961538461539,0.0,0.0,0.0,9.0,0,0.6527250439433728,0.6375222972461155,,21149.81876293709
0.94797178777715,0.8980702565632586,0.9592326139088728,0.8803418803418803,0.9716981132075472,0.9237668161434978,1.0,1,0.1470788986169559,0.1255962858309171,,21155.06696538813
0.9838176372194344,0.9681485596302692,0.9879807692307692,1.0,0.9523809523809524,0.975609756097561,10.0,6,0.016698390726884,0.0516035351237016,,21216.08677783003
0.961064425770308,0.922850041990169,0.9712230215827338,0.9696969696969696,0.9142857142857144,0.9411764705882352,3.0,5,0.0249385299334712,0.1038676053285598,,21225.1044135422
0.4277854195323246,0.0,0.7475961538461539,0.0,0.0,0.0,9.0,1,0.6283439953448409,0.6181032998221261,,21233.06713078101
0.9625134843581444,0.9253248859390082,0.9712230215827338,0.9272727272727272,0.9622641509433962,0.9444444444444444,1.0,2,0.0674277304324432,0.0884508337725752,,21241.86109787319
0.9776356109886566,0.9552910675993171,0.9831730769230768,0.971153846153846,0.961904761904762,0.9665071770334928,10.0,7,0.0097047979233123,0.0390831989435745,,21299.68406383111
0.9675536881419232,0.9358347728168348,0.9760191846522782,0.9797979797979798,0.923809523809524,0.9509803921568628,3.0,6,0.0189782798574385,0.1048976672547204,,21307.953205293044
0.4277854195323246,0.0,0.7475961538461539,0.0,0.0,0.0,9.0,2,0.612849632562217,0.6042666435241699,,21312.11951456009
0.9648842105263158,0.929943839881027,0.973621103117506,0.9611650485436892,0.9339622641509434,0.9473684210526316,1.0,3,0.0332291767679912,0.0864522063472707,,21328.82004099409
0.973848813452774,0.9490215418254652,0.9807692307692308,1.0,0.923809523809524,0.9603960396039604,10.0,8,0.0051012058876517,0.0840129646738725,,21383.212700315053
0.4277854195323246,0.0,0.7475961538461539,0.0,0.0,0.0,9.0,3,0.6005935881097438,0.594631050314222,,21393.548425527988
0.8076931800140619,0.6155226375848774,0.8537170263788969,0.7037037037037037,0.7238095238095238,0.7136150234741784,4.0,0,0.4833768227342832,0.3456491189343588,,21395.179459369043
0.9545751633986927,0.9104219775897447,0.9664268585131894,0.9693877551020408,0.8962264150943396,0.931372549019608,1.0,4,0.0178808390668009,0.1093104978624199,,21416.01360477321
0.9838176372194344,0.9681485596302692,0.9879807692307692,1.0,0.9523809523809524,0.975609756097561,10.0,9,0.0055457154916346,0.0406414921661572,,21467.08977651014
0.8896600213195436,0.7794744957977124,0.9160671462829736,0.8240740740740741,0.8476190476190476,0.8356807511737089,4.0,1,0.2377533869723142,0.1874629919018064,,21474.937464168062
0.4269972451790633,-0.0285226850650636,0.7451923076923077,0.0,0.0,0.0,10.0,0,0.679630178516194,0.6614016209329877,,21481.53354069311
0.9716268626250256,0.9432729039764592,0.9784172661870504,0.9532710280373832,0.9622641509433962,0.9577464788732394,1.0,5,0.0100357590787807,0.0801579708516198,,21497.466148693115
0.8616089207487057,0.7366463492433184,0.9040767386091128,0.9125,0.6886792452830188,0.7849462365591398,1.0,0,0.4973362997426825,0.2890583659921373,,21555.60303015913
0.95328219644631,0.9074610076556288,0.9640287769784172,0.9017857142857144,0.961904761904762,0.9308755760368664,4.0,2,0.1310701885465848,0.0978968494704791,,21557.863747300114
0.4277854195323246,0.0,0.7475961538461539,0.0,0.0,0.0,10.0,1,0.6512805647769216,0.6373509764671326,,21563.9771550342
0.9750089895720964,0.9503207062043816,0.9808153477218226,0.9454545454545454,0.981132075471698,0.9629629629629628,1.0,6,0.0069577139141274,0.108743722147275,,21584.98265185021
0.937522473930241,0.8753332454082617,0.9520383693045564,0.8909090909090909,0.9245283018867924,0.9074074074074074,1.0,1,0.2217920369515984,0.1443551714931215,,21639.36742591113
0.952999962430026,0.9064624945824716,0.9640287769784172,0.9090909090909092,0.9523809523809524,0.9302325581395348,4.0,3,0.072747118755291,0.0828029566577502,,21641.181551883
0.4277854195323246,0.0,0.7475961538461539,0.0,0.0,0.0,10.0,2,0.630900427446527,0.6190952828952244,,21647.717794302152
0.9679743180142542,0.9362637681796456,0.9760191846522782,0.9705882352941176,0.9339622641509434,0.9519230769230768,1.0,7,0.0055674609291106,0.1032897844457433,,21671.373252655147
0.9521148325358852,0.9044021582587388,0.9640287769784172,0.941747572815534,0.9150943396226416,0.9282296650717704,1.0,2,0.1153346766733517,0.1042724294321877,,21722.790059702005
0.9508382259319516,0.903310273190124,0.9640287769784172,0.96875,0.8857142857142857,0.9253731343283582,4.0,4,0.0357974304075715,0.0947304421237536,,21723.83088550321
0.4277854195323246,0.0,0.7475961538461539,0.0,0.0,0.0,10.0,3,0.6158296678025844,0.6061452627182007,,21730.31848742604
0.9716268626250256,0.9432729039764592,0.9784172661870504,0.9532710280373832,0.9622641509433962,0.9577464788732394,1.0,8,0.0090520843420517,0.090150692406626,,21758.194908395177
0.9595112369201352,0.9199263777578258,0.9688249400479616,0.9107142857142856,0.9714285714285714,0.9400921658986175,4.0,5,0.0299153796286653,0.0777288228273391,,21806.46181083308
0.9562657317511688,0.9128269758063215,0.9664268585131894,0.9181818181818182,0.9528301886792452,0.9351851851851852,1.0,3,0.0638702017712896,0.093920134407069,,21806.73107658117
0.4277854195323246,0.0,0.7475961538461539,0.0,0.0,0.0,10.0,4,0.6034641488123749,0.5966862269810268,,21812.124008522136
0.9747012073044956,0.9494024146089912,0.9808153477218226,0.9622641509433962,0.9622641509433962,0.9622641509433962,1.0,9,0.0032578098579799,0.0930899281988136,,21844.82173739816
0.9620518109567432,0.9241798603067458,0.9712230215827338,0.9345794392523364,0.9523809523809524,0.9433962264150944,4.0,6,0.0153943330673027,0.0972550975690994,,21885.15762559604
0.9648842105263158,0.929943839881027,0.973621103117506,0.9611650485436892,0.9339622641509434,0.9473684210526316,1.0,4,0.034238524624478,0.0939442361039774,,21889.726700072177
0.9382588095943144,0.877646316331182,0.9520383693045564,0.8771929824561403,0.9433962264150944,0.9090909090909092,1.0,0,0.3323704480367191,0.127899526485375,,21899.9348365881
0.8792515870364184,0.7593041230199212,0.9064748201438848,0.7964601769911505,0.8490566037735849,0.821917808219178,2.0,0,0.3484144168195583,0.2146331678543772,,21931.901026037056
0.9595112369201352,0.9199263777578258,0.9688249400479616,0.9107142857142856,0.9714285714285714,0.9400921658986175,4.0,7,0.0139071728631664,0.1039487735501357,,21968.410080170022
0.9622851974675912,0.9246457352648946,0.9712230215827338,0.9351851851851852,0.9528301886792452,0.9439252336448598,1.0,5,0.0267653536225148,0.0922364851992045,,21973.501016891096
0.965533305782019,0.931235833478507,0.973621103117506,0.9357798165137616,0.9622641509433962,0.9488372093023256,1.0,1,0.0819723733653456,0.0738975878006645,,21983.101608310128
0.9296088893455556,0.8612937371694769,0.9448441247002398,0.8547008547008547,0.9433962264150944,0.8968609865470852,2.0,1,0.1476355759995216,0.1401573709611381,,22019.897984087
0.9622851974675912,0.9248718086660384,0.9712230215827338,0.926605504587156,0.961904761904762,0.9439252336448598,4.0,8,0.0142652929811817,0.0901988020965031,,22050.67669864511
0.9653217209861424,0.9306624653717468,0.973621103117506,0.9439252336448598,0.9528301886792452,0.9483568075117372,1.0,6,0.0209996953638175,0.0954962417682898,,22056.855896853143
0.9570305599717364,0.9158489222225767,0.9664268585131894,0.896551724137931,0.981132075471698,0.9369369369369368,1.0,2,0.0377179872662902,0.0893930276589734,,22065.812134040985
0.9332353283651608,0.869797734792335,0.947242206235012,0.85,0.9622641509433962,0.9026548672566372,2.0,2,0.0664666225439158,0.1498004253288465,,22106.5620976002
0.9592666341060224,0.9189996375423688,0.9688249400479616,0.9181818181818182,0.961904761904762,0.9395348837209302,4.0,9,0.0078033220488578,0.0973640592502696,,22134.011279304978
0.9681776556776556,0.9364331156820976,0.9760191846522782,0.9615384615384616,0.9433962264150944,0.9523809523809524,1.0,7,0.0177556070522799,0.0952500005784843,,22140.60617965809
0.971969317867786,0.944407090302477,0.9784172661870504,0.9369369369369368,0.981132075471698,0.9585253456221198,1.0,3,0.0206050439875857,0.0902657032545123,,22147.641299554147
0.9482649151614668,0.899470387789845,0.9592326139088728,0.8739495798319328,0.981132075471698,0.9244444444444444,2.0,3,0.0383472914483903,0.1203900305886885,,22193.899876983138
0.8918040293040292,0.7836080586080586,0.9184652278177458,0.8380952380952381,0.8380952380952381,0.8380952380952381,5.0,0,0.4526344570568052,0.2505205997398921,,22217.538334125187
0.9582322076601252,0.9169537179185628,0.9688249400479616,0.9603960396039604,0.9150943396226416,0.9371980676328504,1.0,8,0.0107752550136834,0.1203612748400441,,22223.58052823204
0.9627368044799238,0.9261364526068312,0.9712230215827338,0.9196428571428572,0.9716981132075472,0.944954128440367,1.0,4,0.0120151271645011,0.1190703359898179,,22230.26956093521
0.953828438138965,0.9091068516249614,0.9640287769784172,0.8956521739130435,0.9716981132075472,0.9321266968325792,2.0,4,0.0189078021123689,0.1071957692038267,,22280.752632805143
0.9404666190780328,0.881388208662678,0.9544364508393284,0.8909090909090909,0.9333333333333332,0.9116279069767442,5.0,1,0.2071188524112863,0.1463487999779837,,22300.994360791054
0.9716268626250256,0.9432729039764592,0.9784172661870504,0.9532710280373832,0.9622641509433962,0.9577464788732394,1.0,9,0.0073045942541685,0.09609569955085,,22306.83830058598
0.9687612369651204,0.9378227960716948,0.9760191846522782,0.9363636363636364,0.9716981132075472,0.9537037037037036,1.0,5,0.0076149262357661,0.0802407860589612,,22312.27444248204
0.9565262718932444,0.9137100907310614,0.9664268585131894,0.9107142857142856,0.9622641509433962,0.9357798165137616,2.0,5,0.0178084132810107,0.0907825269636565,,22362.24261453701
0.929203605146413,0.8605053411820801,0.9448441247002398,0.853448275862069,0.9428571428571428,0.8959276018099548,5.0,2,0.1051964659433243,0.1566102100270135,,22384.11917154817
0.9689473370666032,0.9385628144826008,0.9760191846522782,0.9285714285714286,0.981132075471698,0.9541284403669724,1.0,6,0.0021040374023437,0.1208365022196501,,22395.321783016203
0.8342607313195549,0.6700269599627837,0.8705035971223022,0.7241379310344828,0.7924528301886793,0.7567567567567568,2.0,0,0.4522382377062813,0.3184681236743927,,22396.589774617
0.9572745901639343,0.9170971950308392,0.9664268585131894,0.8898305084745762,0.9905660377358492,0.9375,2.0,6,0.0097415515416996,0.1136138308294383,,22449.21271855012
0.9434277962013868,0.8871496310238496,0.9568345323741008,0.8990825688073395,0.9333333333333332,0.9158878504672896,5.0,3,0.0601161200616319,0.1174952347895928,,22466.488455387065
0.8759189775671499,0.7553519685562162,0.9016786570743404,0.768595041322314,0.8773584905660378,0.8193832599118943,2.0,1,0.2258677845031528,0.2210768461227417,,22480.384949064115
0.9126837023537168,0.826280401367672,0.935251798561151,0.898989898989899,0.839622641509434,0.8682926829268293,2.0,0,0.329289608713934,0.1484916476266724,,22480.585512134014
0.965533305782019,0.931235833478507,0.973621103117506,0.9357798165137616,0.9622641509433962,0.9488372093023256,2.0,7,0.0062354195555198,0.0804115914049491,,22536.59586096299
0.952999962430026,0.9064624945824716,0.9640287769784172,0.9090909090909092,0.9523809523809524,0.9302325581395348,5.0,4,0.0313114570295911,0.134556078218988,,22549.26484547998
0.9511709601873536,0.9048700143444608,0.9616306954436452,0.8813559322033898,0.981132075471698,0.9285714285714286,2.0,1,0.0845178416851213,0.0992600385631833,,22563.665626032045
0.9296088893455556,0.8612937371694769,0.9448441247002398,0.8547008547008547,0.9433962264150944,0.8968609865470852,2.0,2,0.134959053121886,0.1479607320257595,,22564.15301765921
0.9485517711863792,0.9009802194001888,0.9592326139088728,0.8677685950413223,0.9905660377358492,0.9251101321585904,2.0,8,0.008762005219824,0.1582933616466886,,22623.487748677144
0.95328219644631,0.9074610076556288,0.9640287769784172,0.9017857142857144,0.961904761904762,0.9308755760368664,5.0,5,0.0205818497007554,0.1551360871110643,,22633.697711239103
0.9625134843581444,0.9253248859390082,0.9712230215827338,0.9272727272727272,0.9622641509433962,0.9444444444444444,2.0,2,0.0350517041633947,0.0822276573162525,,22647.208082707133
0.9482649151614668,0.899470387789845,0.9592326139088728,0.8739495798319328,0.981132075471698,0.9244444444444444,2.0,3,0.071690926770285,0.1350888583276953,,22647.606475048
0.9627368044799238,0.9261364526068312,0.9712230215827338,0.9196428571428572,0.9716981132075472,0.944954128440367,2.0,9,0.0090734384518898,0.094933991993977,,22710.096947021084
0.95328219644631,0.9074610076556288,0.9640287769784172,0.9017857142857144,0.961904761904762,0.9308755760368664,5.0,6,0.0161364432305918,0.1514826982415148,,22715.805507218
0.9508920685391272,0.9035578241095872,0.9616306954436452,0.8879310344827587,0.9716981132075472,0.927927927927928,2.0,4,0.0400162555940322,0.1030515280020024,,22730.12748400704
0.9691294047971571,0.939433612709846,0.9760191846522782,0.9210526315789472,0.9905660377358492,0.9545454545454546,2.0,3,0.0223950799594049,0.0791310530288943,,22730.54039105214
0.955448717948718,0.910897435897436,0.9664268585131894,0.9333333333333332,0.9333333333333332,0.9333333333333332,5.0,7,0.0173585681299978,0.128872797159212,,22798.83613930503
0.9126771907216495,0.8305042897908506,0.9376498800959232,0.9438202247191012,0.8,0.865979381443299,3.0,0,0.3863617852330208,0.1831404765003494,,22798.918154215207
0.94797178777715,0.8980702565632586,0.9592326139088728,0.8803418803418803,0.9716981132075472,0.9237668161434978,2.0,5,0.0256939856098743,0.1193914052897266,,22813.654727254994
0.965942755317964,0.9327863345959349,0.973621103117506,0.9203539823008848,0.981132075471698,0.9497716894977168,2.0,4,0.0084779648706159,0.088471824186854,,22814.19887520303
0.9524164530288391,0.9048518411217592,0.9640287769784172,0.9245283018867924,0.9333333333333332,0.9289099526066352,5.0,8,0.0072354637402094,0.1415322625211307,,22881.810612817066
0.9576791862162648,0.9163422156661282,0.9688249400479616,0.9693877551020408,0.9047619047619048,0.9359605911330048,3.0,1,0.1452325577768733,0.0888982289138117,,22886.17994907009
0.9535583027063148,0.9080031615136472,0.9640287769784172,0.9026548672566372,0.9622641509433962,0.9315068493150684,2.0,6,0.0141112088083715,0.0945322261790612,,22897.022027806142
0.9781983583416114,0.9568688888170056,0.9832134292565948,0.945945945945946,0.9905660377358492,0.967741935483871,2.0,5,0.0031568682885736,0.085282937615245,,22897.37150585605
0.9584995215311004,0.917018369160329,0.9688249400479616,0.9423076923076924,0.9333333333333332,0.937799043062201,5.0,9,0.0061740498157154,0.1425775777980951,,22964.5597027822
0.9675536881419232,0.9358347728168348,0.9760191846522782,0.9797979797979798,0.923809523809524,0.9509803921568628,3.0,2,0.0701658668517435,0.0690308205084875,,22973.14443110209
0.9750089895720964,0.9503207062043816,0.9808153477218226,0.9454545454545454,0.981132075471698,0.9629629629629628,2.0,6,0.0012583292545198,0.096758308839136,,22974.848737047985
0.9570305599717364,0.9158489222225767,0.9664268585131894,0.896551724137931,0.981132075471698,0.9369369369369368,2.0,7,0.0100570756279058,0.1092622108491403,,22980.455978590064
0.8332640266137803,0.6699676469577551,0.8800959232613909,0.8021978021978022,0.6952380952380952,0.7448979591836735,6.0,0,0.4701335659976733,0.2994231751986912,,23053.42765893112
0.9750089895720964,0.9503207062043816,0.9808153477218226,0.9454545454545454,0.981132075471698,0.9629629629629628,2.0,7,0.0030288759797073,0.1040824086168348,,23057.33575055003
0.9747012073044956,0.949479909658324,0.9808153477218226,0.9532710280373832,0.9714285714285714,0.9622641509433962,3.0,3,0.0388823864681614,0.0674572051003841,,23060.182211406063
0.9485517711863792,0.9009802194001888,0.9592326139088728,0.8677685950413223,0.9905660377358492,0.9251101321585904,2.0,8,0.0099502962252314,0.143050804800753,,23064.0812635771
0.9193943298969072,0.843988707064642,0.9424460431654677,0.9550561797752808,0.8095238095238095,0.8762886597938144,6.0,1,0.2211530564700143,0.1676184896911893,,23136.974244689103
0.9812567421790724,0.962818616337068,0.9856115107913668,0.9545454545454546,0.9905660377358492,0.9722222222222222,2.0,8,0.0023856550976495,0.0933461972350154,,23140.173598147
0.9708945674512388,0.9422930979561056,0.9784172661870504,0.98,0.9333333333333332,0.9560975609756096,3.0,4,0.0220276585117108,0.0789442522842104,,23147.44055803912
0.966334686208744,0.9348467759570402,0.973621103117506,0.905982905982906,1.0,0.9506726457399104,2.0,9,0.0089041556061987,0.1217531239547367,,23147.738521964056
0.9565262718932444,0.9142219734878492,0.9664268585131894,0.9026548672566372,0.9714285714285714,0.9357798165137616,6.0,2,0.1052078539663452,0.0963708598698888,,23219.999480609084
0.9751578696532824,0.9509891763583708,0.9808153477218226,0.9375,0.9905660377358492,0.963302752293578,2.0,9,0.0008673348567168,0.125527772233389,,23223.437948471168
0.9710838360723943,0.9423467714935562,0.9784172661870504,0.9705882352941176,0.9428571428571428,0.9565217391304348,3.0,5,0.0187756666574248,0.0678820059027722,,23229.36100429506
0.8636809414841451,0.7350672541979903,0.9040767386091128,0.8823529411764706,0.7142857142857143,0.7894736842105263,3.0,0,0.4553597036559703,0.2497879969222205,,23237.292511061067
0.9542705852863768,0.9098291250740506,0.9664268585131894,0.9690721649484536,0.8952380952380953,0.9306930693069309,6.0,3,0.0603669089407233,0.1015334109376583,,23297.459981988184
0.9250245178162798,0.8584993528559347,0.947242206235012,0.9882352941176472,0.8,0.8842105263157894,3.0,0,0.3076863950591976,0.1409615821072033,,23312.88143583201
0.9747012073044956,0.949479909658324,0.9808153477218226,0.9532710280373832,0.9714285714285714,0.9622641509433962,3.0,6,0.0133089072315685,0.065496464681928,,23316.175499896985
0.9164049448713664,0.8342052790326748,0.935251798561151,0.8421052631578947,0.9142857142857144,0.8767123287671232,3.0,1,0.2155337632965233,0.1632919928857258,,23320.698696138104
0.9679743180142542,0.9360274045574832,0.9760191846522782,0.9611650485436892,0.9428571428571428,0.9519230769230768,6.0,4,0.0368446032990212,0.0728398205579391,,23379.949171674205
0.9712688995215312,0.9425574501688014,0.9784172661870504,0.9615384615384616,0.9523809523809524,0.9569377990430622,3.0,1,0.0964482813063314,0.0655729070838008,,23395.38312629913
0.8675433581093959,0.7377174095786511,0.9040767386091128,0.8494623655913979,0.7523809523809524,0.797979797979798,4.0,0,0.4111806039335364,0.1981706578018409,,23402.673595662
0.9511682917879978,0.9033118762310804,0.9640287769784172,0.9591836734693876,0.8952380952380953,0.9261083743842364,3.0,2,0.1237068984468104,0.1093592633094106,,23403.99951724405
0.9613196462803784,0.9229557006379798,0.9712230215827338,0.9603960396039604,0.923809523809524,0.941747572815534,6.0,5,0.0253495806985992,0.0909182429313659,,23462.611039674142
0.9685709978896592,0.9374458678801012,0.9760191846522782,0.9357798165137616,0.9714285714285714,0.9532710280373832,3.0,2,0.0310356852014438,0.0733391081116029,,23478.33975547808
0.9473817034700316,0.8967851534594878,0.9616306954436452,0.968421052631579,0.8761904761904762,0.92,3.0,3,0.0689050130609233,0.1127687117883137,,23488.195898423204
0.9467332907540292,0.8939253516225749,0.9592326139088728,0.9,0.9428571428571428,0.9209302325581395,4.0,1,0.1546903280857003,0.0948566829320043,,23489.666077901144
0.9683765091306196,0.9368298849825348,0.9760191846522782,0.9439252336448598,0.961904761904762,0.9528301886792452,6.0,6,0.0159083278218315,0.0789005921355315,,23545.516104785027
0.9602630074328188,0.923531295035557,0.9712230215827338,1.0,0.8857142857142857,0.9393939393939394,3.0,3,0.0156804623883375,0.0904221055763108,,23560.464550759178
0.9539589905362776,0.909957840380218,0.9664268585131894,0.9789473684210528,0.8857142857142857,0.93,3.0,4,0.0455908516453484,0.141417384147644,,23571.36474667001
0.9677663719003152,0.9358518448266288,0.9760191846522782,0.9702970297029704,0.9333333333333332,0.9514563106796116,4.0,2,0.0656562150313945,0.0774035361329359,,23576.56463773316
0.9613196462803784,0.9229557006379798,0.9712230215827338,0.9603960396039604,0.923809523809524,0.941747572815534,6.0,7,0.0192680183869107,0.094236216441329,,23628.72656384204
0.9806598231401892,0.9616441332039264,0.9856115107913668,0.99009900990099,0.9523809523809524,0.970873786407767,3.0,4,0.0139037485932931,0.0665159861756754,,23643.13035146705
0.9551640452199558,0.910405543739545,0.9664268585131894,0.941747572815534,0.923809523809524,0.9326923076923076,3.0,5,0.0281745299018161,0.0997708796390465,,23654.76774490811
0.9562657317511688,0.9131965553120702,0.9664268585131894,0.90990990990991,0.961904761904762,0.9351851851851852,4.0,3,0.0367963298468582,0.0924915959975416,,23663.410010720138
0.9646580218662598,0.929493646065472,0.973621103117506,0.9607843137254902,0.9333333333333332,0.9468599033816424,6.0,8,0.0125187187637123,0.1108353204659319,,23711.99311011308
0.9839354644846636,0.968053022349724,0.988009592326139,0.9901960784313726,0.961904761904762,0.9758454106280192,3.0,5,0.0040708064344332,0.051137851833898,,23727.19925234816
0.9615691816171048,0.923216474148514,0.9712230215827338,0.9514563106796116,0.9333333333333332,0.9423076923076924,3.0,6,0.021184637377007,0.0977770682823445,,23738.44657792221
0.9592666341060224,0.9189996375423688,0.9688249400479616,0.9181818181818182,0.961904761904762,0.9395348837209302,4.0,4,0.0207002181086247,0.0862264526284499,,23749.88255819399
0.9648842105263158,0.9297879096645651,0.973621103117506,0.9519230769230768,0.9428571428571428,0.9473684210526316,6.0,9,0.0082425230135351,0.1234466974024793,,23794.412633775035
0.9776535885167464,0.9553269906730376,0.9832134292565948,0.971153846153846,0.961904761904762,0.9665071770334928,3.0,6,0.0137634851922423,0.0838163035389568,,23804.780815281207
0.9675536881419232,0.9358347728168348,0.9760191846522782,0.9797979797979798,0.923809523809524,0.9509803921568628,3.0,7,0.0232963424838953,0.0993026374573154,,23822.312977720983
0.9565262718932444,0.9142219734878492,0.9664268585131894,0.9026548672566372,0.9714285714285714,0.9357798165137616,4.0,5,0.0119464533231852,0.129064113217672,,23836.46881858516
0.8504649809943501,0.7039574058528157,0.8920863309352518,0.8260869565217391,0.7238095238095238,0.7715736040609137,7.0,0,0.4491460664292513,0.2867828288248607,,23882.970924826102
0.9742130975202524,0.9487479890152776,0.9808153477218226,0.9801980198019802,0.9428571428571428,0.9611650485436892,3.0,7,0.006184295266255,0.0776774408628365,,23887.0243200732
0.9613196462803784,0.9229557006379798,0.9712230215827338,0.9603960396039604,0.923809523809524,0.941747572815534,3.0,8,0.0126235389182249,0.0999189043816711,,23904.88219785504
0.9316356085031968,0.8642208579259372,0.9496402877697842,0.9285714285714286,0.8666666666666667,0.896551724137931,5.0,0,0.3690096996408903,0.1659115856247288,,23925.655976465205
0.8925134608775347,0.7925910801376126,0.9136690647482014,0.7716535433070866,0.9333333333333332,0.8448275862068966,7.0,1,0.2030664576312243,0.2098495130028043,,23966.112243813
0.9809065934065936,0.9618131868131868,0.9856115107913668,0.9714285714285714,0.9714285714285714,0.9714285714285714,3.0,8,0.0043337736781923,0.0905907659658363,,23969.81748575112
0.9677663719003152,0.9358518448266288,0.9760191846522782,0.9702970297029704,0.9333333333333332,0.9514563106796116,3.0,9,0.0119197922344398,0.0926853073760867,,23986.204256185098
0.9460719800993512,0.8921627364086917,0.9592326139088728,0.9150943396226416,0.923809523809524,0.919431279620853,5.0,1,0.149027533560865,0.1051089272036084,,24013.57635467313
0.944432928634883,0.8906447322208014,0.9568345323741008,0.8782608695652174,0.961904761904762,0.9181818181818182,7.0,2,0.1047981967991691,0.1376002021133899,,24047.905695246067
0.938963700234192,0.8813165214104662,0.9520383693045564,0.8571428571428571,0.9714285714285714,0.9107142857142856,4.0,0,0.3013973541684069,0.1293038108519145,,24054.39047987014
0.8507469654528479,0.7021096179368468,0.8896882494004796,0.797979797979798,0.7523809523809524,0.7745098039215687,4.0,0,0.4660059597532628,0.2853341570922306,,24070.708374356152
0.9590165793472591,0.9182029912085728,0.9688249400479616,0.925925925925926,0.9523809523809524,0.9389671361502347,5.0,2,0.069416994075054,0.1017915369676692,,24100.782539013075
0.9447535771065184,0.8920424403652509,0.9568345323741008,0.8717948717948718,0.9714285714285714,0.918918918918919,7.0,3,0.0586715874151658,0.1464477985032967,,24131.475341434125
0.9602137200648792,0.9234469325782266,0.9688249400479616,0.8898305084745762,1.0,0.9417040358744396,4.0,1,0.0790433104197352,0.0897812014445662,,24137.634702359093
0.9003998798049142,0.8009623917846318,0.9256594724220624,0.8627450980392157,0.8380952380952381,0.8502415458937198,4.0,1,0.2139434757626662,0.1715492020760263,,24154.72765624104
0.9500179791441928,0.900695637330154,0.9616306954436452,0.9009009009009008,0.9523809523809524,0.925925925925926,5.0,3,0.0334246033542173,0.1182803702374388,,24187.24239321612
0.953828438138965,0.909824068086238,0.9640287769784172,0.8879310344827587,0.9809523809523808,0.9321266968325792,7.0,4,0.0306809507073613,0.1405461689989481,,24215.05809723516
0.9750089895720964,0.950699309257819,0.9808153477218226,0.9369369369369368,0.9904761904761904,0.9629629629629628,4.0,2,0.0329468396721186,0.0584645214091454,,24221.47379115201
0.9497135966234548,0.8997236902379124,0.9616306954436452,0.908256880733945,0.9428571428571428,0.9252336448598132,4.0,2,0.1229733169331389,0.0998404675296374,,24238.59087977512
0.9615691816171048,0.923216474148514,0.9712230215827338,0.9514563106796116,0.9333333333333332,0.9423076923076924,5.0,4,0.0166920081463689,0.1022272544879732,,24274.21583758201
0.9567811667160202,0.9153700403451656,0.9664268585131894,0.8956521739130435,0.9809523809523808,0.9363636363636364,7.0,5,0.0190253811533231,0.1494880691170692,,24297.49589017313
0.9717999774580156,0.9440739234621623,0.9784172661870504,0.9363636363636364,0.9809523809523808,0.958139534883721,4.0,3,0.0201047575851049,0.0649225326654102,,24304.22410899913
0.9595112369201352,0.9199263777578258,0.9688249400479616,0.9107142857142856,0.9714285714285714,0.9400921658986175,4.0,3,0.0646926830917344,0.0830200660441603,,24321.54427650012
0.9620518109567432,0.9241798603067458,0.9712230215827338,0.9345794392523364,0.9523809523809524,0.9433962264150944,5.0,5,0.0096864774823188,0.1070098479602685,,24361.3478740321
0.9565262718932444,0.9142219734878492,0.9664268585131894,0.9026548672566372,0.9714285714285714,0.9357798165137616,7.0,6,0.0116070690643736,0.1620077486815197,,24381.24370608316
0.984237145902792,0.9686497168125222,0.988009592326139,0.9629629629629628,0.9904761904761904,0.976525821596244,4.0,4,0.0150084503012772,0.0488212527041988,,24387.55364100309
0.953828438138965,0.909824068086238,0.9640287769784172,0.8879310344827587,0.9809523809523808,0.9321266968325792,4.0,4,0.0361986999100042,0.1007416684712682,,24405.69035401009
0.9677663719003152,0.9358518448266288,0.9760191846522782,0.9702970297029704,0.9333333333333332,0.9514563106796116,5.0,6,0.0077465675436789,0.1144691400113515,,24448.77858990012
0.9535583027063148,0.9085827862716368,0.9640287769784172,0.8947368421052632,0.9714285714285714,0.9315068493150684,7.0,7,0.0092481156550663,0.1756656621915421,,24463.85250417516
0.9811425987337956,0.9625939863082272,0.9856115107913668,0.9541284403669724,0.9904761904761904,0.97196261682243,4.0,5,0.0076104009995568,0.0599861882593748,,24470.72648243117
0.9613196462803784,0.9229557006379798,0.9712230215827338,0.9603960396039604,0.923809523809524,0.941747572815534,4.0,5,0.0235808772445356,0.0932773532611983,,24488.971631947206
0.9679743180142542,0.9360274045574832,0.9760191846522782,0.9611650485436892,0.9428571428571428,0.9519230769230768,5.0,7,0.012684758065438,0.1155585163755209,,24536.19453195017
0.9396387007121764,0.884773109856841,0.9520383693045564,0.8455284552845529,0.9904761904761904,0.912280701754386,7.0,8,0.008314112789329,0.209882156457752,,24546.37423877907
0.9811425987337956,0.9625939863082272,0.9856115107913668,0.9541284403669724,0.9904761904761904,0.97196261682243,4.0,6,0.0046934095079126,0.0461433924501761,,24550.08034767909
0.9629552857565886,0.9277326944073476,0.9712230215827338,0.9043478260869564,0.9904761904761904,0.9454545454545454,4.0,6,0.0156713792051867,0.1037513886445335,,24572.216959657148
0.9303935727815718,0.8656540849378633,0.9448441247002398,0.8360655737704918,0.9714285714285714,0.8986784140969163,5.0,8,0.013794859907278,0.206627001295731,,24623.46551018511
0.9810259054783717,0.9621299343341128,0.9856115107913668,0.9626168224299064,0.9809523809523808,0.9716981132075472,4.0,7,0.0066399932957364,0.0529256295412778,,24630.53030538605
0.8556891766882516,0.7207457146977659,0.8990384615384616,0.8795180722891566,0.6952380952380952,0.776595744680851,8.0,0,0.4543109058828677,0.2565681678908212,,24633.39520757203
0.9562657317511688,0.9131965553120702,0.9664268585131894,0.90990990990991,0.961904761904762,0.9351851851851852,4.0,7,0.0137815609361218,0.1106067629797118,,24656.43790153112
0.955448717948718,0.910897435897436,0.9664268585131894,0.9333333333333332,0.9333333333333332,0.9333333333333332,5.0,9,0.003558104153391,0.1265345239953603,,24710.40530846105
0.9124579124579124,0.8255440926970969,0.9326923076923076,0.8468468468468469,0.8952380952380953,0.8703703703703703,8.0,1,0.2108510380326691,0.1591957019908087,,24714.77134290198
0.9524164530288391,0.9048518411217592,0.9640287769784172,0.9245283018867924,0.9333333333333332,0.9289099526066352,5.0,0,0.2886895842976489,0.1200189180672168,,24719.64745557005
0.9518063934539908,0.903787395209304,0.9640287769784172,0.9411764705882352,0.9142857142857144,0.927536231884058,4.0,8,0.0073629915655069,0.1242969674723488,,24734.16521295113
0.9473209829642376,0.8960988535852982,0.9591346153846154,0.8859649122807017,0.961904761904762,0.9223744292237442,8.0,2,0.1125343342832589,0.1050547925489289,,24798.433922727127
0.9620518109567432,0.9241798603067458,0.9712230215827338,0.9345794392523364,0.9523809523809524,0.9433962264150944,5.0,1,0.0707067733283265,0.1033503816330007,,24803.376336804125
0.8922663556575849,0.7865272508258431,0.9160671462829736,0.8017241379310345,0.8857142857142857,0.8416289592760181,6.0,0,0.3787635013271691,0.1924157821174179,,24803.64350665803
0.965942755317964,0.9333752886846242,0.973621103117506,0.912280701754386,0.9904761904761904,0.9497716894977168,4.0,9,0.0079837975909112,0.090996844161834,,24816.709709092043
0.9511278195488722,0.9057051399310974,0.9615384615384616,0.8739495798319328,0.9904761904761904,0.9285714285714286,8.0,3,0.0673306939207901,0.1346891405326979,,24881.43178326217
0.926338102808691,0.8551504739234866,0.9424460431654677,0.8461538461538461,0.9428571428571428,0.8918918918918919,6.0,1,0.1432594338084681,0.1258049059792288,,24885.27889406518
0.94736607640049,0.8961865350651431,0.9592326139088728,0.8859649122807017,0.961904761904762,0.9223744292237442,5.0,2,0.0328353855056467,0.1397779474833182,,24886.29477116908
0.8903409860625234,0.7839002811906763,0.920863309352518,0.8913043478260869,0.780952380952381,0.8324873096446701,5.0,0,0.4435258497626094,0.2272263148001262,,24906.381049914984
0.9567439096850862,0.9152986563342084,0.966346153846154,0.8956521739130435,0.9809523809523808,0.9363636363636364,8.0,4,0.0355931519199225,0.0820732015584196,,24964.5299693232
0.9681776556776556,0.9363553113553114,0.9760191846522782,0.9523809523809524,0.9523809523809524,0.9523809523809524,5.0,3,0.018748178111263,0.1124362747983208,,24968.60962488712
0.9620518109567432,0.9241798603067458,0.9712230215827338,0.9345794392523364,0.9523809523809524,0.9433962264150944,6.0,2,0.0685106209731834,0.0854966860663678,,24972.155090439133
0.9337960127917262,0.8677562656046236,0.9496402877697842,0.8888888888888888,0.9142857142857144,0.9014084507042254,5.0,1,0.2022391276086791,0.1476366253835814,,24989.815150321
0.9679487179487178,0.935976330935443,0.9759615384615384,0.9611650485436892,0.9428571428571428,0.9519230769230768,8.0,5,0.0215765380584713,0.0728481756523251,,25047.2535039112
0.9653217209861424,0.9308146726095602,0.973621103117506,0.9351851851851852,0.961904761904762,0.9483568075117372,5.0,4,0.0101537235008189,0.1430762405507266,,25050.915411202004
0.944432928634883,0.8906447322208014,0.9568345323741008,0.8782608695652174,0.961904761904762,0.9181818181818182,6.0,3,0.0293296549106174,0.1089601518719324,,25059.10607430106
0.9163993584603048,0.8406112000631343,0.9328537170263788,0.8031496062992126,0.9714285714285714,0.8793103448275862,5.0,2,0.09712306627909,0.160744593079601,,25073.27910901304
0.9629233511586452,0.9276719784358892,0.971153846153846,0.9043478260869564,0.9904761904761904,0.9454545454545454,8.0,6,0.0175327598906548,0.0904157390551907,,25130.787223472027
0.9592666341060224,0.9189996375423688,0.9688249400479616,0.9181818181818182,0.961904761904762,0.9395348837209302,5.0,5,0.0155715999100751,0.1625321000382038,,25133.84551098803
0.9592666341060224,0.9189996375423688,0.9688249400479616,0.9181818181818182,0.961904761904762,0.9395348837209302,6.0,4,0.020294415421184,0.1036459057650063,,25146.0416249251
0.9467332907540292,0.8939253516225749,0.9592326139088728,0.9,0.9428571428571428,0.9209302325581395,5.0,3,0.0672407619560421,0.1115328770663057,,25157.1134783132
0.9620206938527084,0.924117751735629,0.971153846153846,0.9345794392523364,0.9523809523809524,0.9433962264150944,8.0,7,0.016317531801918,0.0791113145117248,,25213.74890676117
0.9648842105263158,0.9297879096645651,0.973621103117506,0.9519230769230768,0.9428571428571428,0.9473684210526316,5.0,6,0.0066398284013256,0.1629676682558576,,25216.821004014
0.9565262718932444,0.9142219734878492,0.9664268585131894,0.9026548672566372,0.9714285714285714,0.9357798165137616,6.0,5,0.018284406700424,0.1128155795408279,,25232.67726342799
0.952999962430026,0.9064624945824716,0.9640287769784172,0.9090909090909092,0.9523809523809524,0.9302325581395348,5.0,4,0.0316042497564675,0.1266932146889823,,25238.95454579615
0.9589827603206746,0.918135634867873,0.96875,0.925925925925926,0.9523809523809524,0.9389671361502347,8.0,8,0.0069422571904073,0.0784718157457453,,25290.521434459137
0.9163993584603048,0.8406112000631343,0.9328537170263788,0.8031496062992126,0.9714285714285714,0.8793103448275862,6.0,0,0.3027853902618764,0.1631644197872706,,25300.55145079805
0.8918040293040292,0.7836080586080586,0.9184652278177458,0.8380952380952381,0.8380952380952381,0.8380952380952381,7.0,0,0.3895635883939468,0.2346499956079892,,25321.063180064084
0.955448717948718,0.910897435897436,0.9664268585131894,0.9333333333333332,0.9333333333333332,0.9333333333333332,5.0,5,0.026098179670398,0.1158068196049758,,25322.337531261142
0.8664988027351946,0.7416116666078585,0.90625,0.8928571428571429,0.7142857142857143,0.7936507936507936,9.0,0,0.4635640872737108,0.2833252357585089,,25379.53958018706
0.9565262718932444,0.9142219734878492,0.9664268585131894,0.9026548672566372,0.9714285714285714,0.9357798165137616,6.0,1,0.089451255497791,0.0867437837379319,,25383.13019192498
0.9524164530288391,0.9048518411217592,0.9640287769784172,0.9245283018867924,0.9333333333333332,0.9289099526066352,5.0,6,0.0172388474220189,0.1305526658626539,,25406.34316544514
0.937522473930241,0.8756938013663215,0.9520383693045564,0.8828828828828829,0.9333333333333332,0.9074074074074074,7.0,1,0.1466292704029356,0.1421481485345534,,25408.06283639604
0.9201271821023448,0.8402727450789981,0.939903846153846,0.8846153846153846,0.8761904761904762,0.8803827751196173,9.0,1,0.2212386256304838,0.1754036673477717,,25463.14091452211
0.9653217209861424,0.9308146726095602,0.973621103117506,0.9351851851851852,0.961904761904762,0.9483568075117372,6.0,2,0.0358621565175195,0.0937403999269008,,25466.55824153312
0.9570305599717364,0.9166370846597606,0.9664268585131894,0.8888888888888888,0.9904761904761904,0.9369369369369368,5.0,7,0.0109283990360859,0.1290380832340036,,25489.78002738906
0.938963700234192,0.8813165214104662,0.9520383693045564,0.8571428571428571,0.9714285714285714,0.9107142857142856,7.0,2,0.0637642714842143,0.154565901029855,,25495.386101851007
0.935897435897436,0.8718704740305162,0.9519230769230768,0.912621359223301,0.8952380952380953,0.903846153846154,9.0,2,0.1251467370380789,0.1384700808141912,,25546.833582253195
0.9683765091306196,0.9368298849825348,0.9760191846522782,0.9439252336448598,0.961904761904762,0.9528301886792452,6.0,3,0.0162300619442742,0.1019946552280868,,25550.274705452142
0.9559993970455232,0.9122977494519754,0.9664268585131894,0.9174311926605504,0.9523809523809524,0.9345794392523364,5.0,8,0.0078783573472272,0.1170896969602576,,25573.29882198898
0.9625134843581444,0.9256974732939866,0.9712230215827338,0.918918918918919,0.9714285714285714,0.9444444444444444,7.0,3,0.0387484345060252,0.1078740538297487,,25582.2443138971
0.9559628587847444,0.9122251720621308,0.966346153846154,0.9174311926605504,0.9523809523809524,0.9345794392523364,9.0,3,0.0636734288754099,0.1082799040845462,,25629.651802857174
0.9712688995215312,0.9425574501688014,0.9784172661870504,0.9615384615384616,0.9523809523809524,0.9569377990430622,6.0,4,0.0091445856536265,0.0933757146454549,,25633.084975969978
0.9592666341060224,0.9189996375423688,0.9688249400479616,0.9181818181818182,0.961904761904762,0.9395348837209302,5.0,9,0.0063368357615387,0.1236878988732184,,25656.43208503909
0.9567811667160202,0.9153700403451656,0.9664268585131894,0.8956521739130435,0.9809523809523808,0.9363636363636364,7.0,4,0.0177363657799028,0.1291377544735691,,25667.70009191218
0.9456864838295944,0.8913919995324732,0.9591346153846154,0.9230769230769232,0.9142857142857144,0.9186602870813396,9.0,4,0.0336077868843735,0.1262792668172291,,25713.25429847301
0.9646580218662598,0.929493646065472,0.973621103117506,0.9607843137254902,0.9333333333333332,0.9468599033816424,6.0,5,0.0043389675019001,0.1171792725383836,,25717.073597974144
0.8477698128235762,0.7067072131018365,0.894484412470024,0.8765432098765432,0.6761904761904762,0.7634408602150538,6.0,0,0.485779051053322,0.280194239956992,,25742.88745314605
0.9657402773939608,0.932391747860023,0.973621103117506,0.9196428571428572,0.9809523809523808,0.9493087557603688,7.0,5,0.0130064108150506,0.1380016278126277,,25754.677082602168
0.9589827603206746,0.918135634867873,0.96875,0.925925925925926,0.9523809523809524,0.9389671361502347,9.0,5,0.0246759497213287,0.1138931321246283,,25797.01695065713
0.9657402773939608,0.932391747860023,0.973621103117506,0.9196428571428572,0.9809523809523808,0.9493087557603688,6.0,6,0.0113140746277275,0.113270807412586,,25800.346058410127
0.9271488469601676,0.8571691930866621,0.947242206235012,0.946236559139785,0.8380952380952381,0.8888888888888888,6.0,1,0.2081114871395846,0.1605501153639384,,25826.8601782592
0.9393048439683278,0.882993406438417,0.9520383693045564,0.8512396694214877,0.9809523809523808,0.911504424778761,7.0,6,0.0115799992059168,0.2106266406231693,,25841.85038322513
0.9542354235423542,0.9097607971641406,0.966346153846154,0.9690721649484536,0.8952380952380953,0.9306930693069309,9.0,6,0.0170931399610461,0.1496483518608979,,25879.8629687191
0.9582322076601252,0.916640520637388,0.9688249400479616,0.9509803921568628,0.923809523809524,0.9371980676328504,6.0,7,0.0063108614985278,0.1523098055206771,,25882.60483465716
0.9482649151614668,0.9004476576344221,0.9592326139088728,0.8666666666666667,0.9904761904761904,0.9244444444444444,6.0,2,0.1099638107343245,0.1046265619141715,,25910.881113670068
0.9567811667160202,0.9153700403451656,0.9664268585131894,0.8956521739130435,0.9809523809523808,0.9363636363636364,7.0,7,0.0072302835346278,0.1902658067410811,,25928.55676336307
0.9573605821920508,0.9163720103809844,0.96875,0.9791666666666666,0.8952380952380953,0.9353233830845772,9.0,7,0.0103127534532824,0.1629240766965917,,25956.13820037106
0.9500179791441928,0.900695637330154,0.9616306954436452,0.9009009009009008,0.9523809523809524,0.925925925925926,7.0,0,0.2762989328574326,0.1361035470451627,,25971.93804932502
0.9644266935515142,0.9293530919675758,0.973621103117506,0.97,0.923809523809524,0.946341463414634,6.0,3,0.0578099809492291,0.0975656275238309,,25995.092437687097
0.9595112369201352,0.9199263777578258,0.9688249400479616,0.9107142857142856,0.9714285714285714,0.9400921658986175,7.0,8,0.0026979694711202,0.1593312927413665,,26014.627457793104
0.9508006717600588,0.903237681676516,0.9639423076923076,0.96875,0.8857142857142857,0.9253731343283582,9.0,8,0.0075730734713912,0.1729906577883022,,26038.434434860013
0.9653217209861424,0.9308146726095602,0.973621103117506,0.9351851851851852,0.961904761904762,0.9483568075117372,7.0,1,0.0633953019140004,0.0986917519143649,,26054.580143276136
0.9620518109567432,0.9241798603067458,0.9712230215827338,0.9345794392523364,0.9523809523809524,0.9433962264150944,6.0,4,0.0323714288740845,0.0877825830663953,,26077.4545808062
0.9000400480576691,0.8047612367109108,0.9206730769230768,0.7950819672131147,0.923809523809524,0.8546255506607929,8.0,0,0.3813900484750837,0.2223432591328254,,26103.97091334616
0.8398151713515595,0.6831126320598294,0.8846153846153846,0.8131868131868132,0.7047619047619048,0.7551020408163265,10.0,0,0.4403290935492111,0.289456980569022,,26121.859687972115
0.9597505290121394,0.9209790374781304,0.9688249400479616,0.9035087719298246,0.9809523809523808,0.9406392694063926,7.0,2,0.0253437686380062,0.1245133812938417,,26137.649843155174
0.9620518109567432,0.9241798603067458,0.9712230215827338,0.9345794392523364,0.9523809523809524,0.9433962264150944,6.0,5,0.0170402215257034,0.1029848938009568,,26160.11985746515
0.939250562224364,0.8828927211075989,0.9519230769230768,0.8512396694214877,0.9809523809523808,0.911504424778761,8.0,1,0.1531201562986283,0.1355984001778639,,26191.35537568503
0.8945054945054945,0.8059726935419984,0.9278846153846154,0.987012987012987,0.7238095238095238,0.8351648351648352,10.0,1,0.2119076824036695,0.19858122457351,,26205.518657346023
0.9567811667160202,0.9153700403451656,0.9664268585131894,0.8956521739130435,0.9809523809523808,0.9363636363636364,7.0,3,0.0103533858318923,0.1553459025453776,,26219.83153462805
0.9592666341060224,0.9189996375423688,0.9688249400479616,0.9181818181818182,0.961904761904762,0.9395348837209302,6.0,6,0.0190032035254447,0.0985296738467046,,26243.434320423985
0.9562289562289564,0.9131241283244038,0.966346153846154,0.90990990990991,0.961904761904762,0.9351851851851852,8.0,2,0.0685957604308881,0.1038162365125922,,26272.82319350401
0.9430664573521716,0.8908300786491896,0.9591346153846154,0.9888888888888888,0.8476190476190476,0.9128205128205128,10.0,2,0.1243448283018197,0.1214853253747735,,26289.17717617401
0.9681776556776556,0.9363553113553114,0.9760191846522782,0.9523809523809524,0.9523809523809524,0.9523809523809524,7.0,4,0.0088551166976438,0.0867493813192205,,26301.92382864305
0.8367634198142673,0.6855246799969532,0.8872901678657075,0.8625,0.6571428571428571,0.745945945945946,7.0,0,0.4636577933521594,0.3088265870298658,,26333.17924314714
0.9523776816173272,0.9047743293481122,0.9639423076923076,0.9245283018867924,0.9333333333333332,0.9289099526066352,8.0,3,0.0352487971303763,0.0988285296524946,,26359.987638671184
0.9536054551827422,0.9101939327880368,0.966346153846154,0.989247311827957,0.8761904761904762,0.9292929292929292,10.0,3,0.0625785775482654,0.095980909786054,,26372.11195996101
0.9777943447467916,0.9556082599740288,0.9832134292565948,0.9622641509433962,0.9714285714285714,0.966824644549763,7.0,5,0.0125622767821877,0.0822127181038792,,26385.452462180983
0.9114542255657344,0.8229796629004335,0.9328537170263788,0.8598130841121495,0.8761904761904762,0.8679245283018868,7.0,1,0.2284904587066779,0.2108776441642216,,26417.450359496983
0.9470083548761756,0.8949075490431075,0.9591346153846154,0.8928571428571429,0.9523809523809524,0.9216589861751152,8.0,4,0.0184476256046949,0.123542545721508,,26446.527740753023
0.9570681210158216,0.9166364655705374,0.96875,0.9893617021276596,0.8857142857142857,0.9346733668341708,10.0,4,0.0311867321004806,0.09714125841856,,26454.727208335185
0.9687612369651204,0.9381983912759028,0.9760191846522782,0.927927927927928,0.9809523809523808,0.9537037037037036,7.0,6,0.0088456139077977,0.1365516946285165,,26467.79292010609
0.9494024146089912,0.8988798109551677,0.9616306954436452,0.9158878504672896,0.9333333333333332,0.9245283018867924,7.0,2,0.1387280417700945,0.1402216415320124,,26501.186600202
0.9543108182317408,0.9125773543391996,0.9639423076923076,0.875,1.0,0.9333333333333332,8.0,5,0.0105873619480516,0.1534571594630296,,26533.18074890505
0.9539240506329114,0.909891081158281,0.966346153846154,0.9789473684210528,0.8857142857142857,0.93,10.0,5,0.0223565278180196,0.1016210221818515,,26537.99245362915
0.9618131868131868,0.9236263736263736,0.9712230215827338,0.9428571428571428,0.9428571428571428,0.9428571428571428,7.0,7,0.0106956624713039,0.1109939080529979,,26550.6014046392
0.9565262718932444,0.9142219734878492,0.9664268585131894,0.9026548672566372,0.9714285714285714,0.9357798165137616,7.0,3,0.0657777418145688,0.1320372229175908,,26583.543027712032
0.9573605821920508,0.9163720103809844,0.96875,0.9791666666666666,0.8952380952380953,0.9353233830845772,10.0,6,0.015003198090846,0.106704409633364,,26620.346364145167
0.8764331966969643,0.7707156886003934,0.9158653846153846,0.9605263157894736,0.6952380952380952,0.8066298342541437,9.0,0,0.3861424445600833,0.2308522623318892,,26621.94683684013
0.9570305599717364,0.9166370846597606,0.9664268585131894,0.8888888888888888,0.9904761904761904,0.9369369369369368,7.0,8,0.010579215954117,0.1953633651137352,,26633.16665189713
0.9615691816171048,0.923216474148514,0.9712230215827338,0.9514563106796116,0.9333333333333332,0.9423076923076924,7.0,4,0.0328945903565292,0.11674582905003,,26667.563229835127
0.960506329113924,0.9230737750517036,0.971153846153846,0.9894736842105264,0.8952380952380953,0.94,10.0,7,0.0101242402600029,0.1207650870616946,,26701.92604786321
0.9374699374699376,0.8755898273412723,0.9519230769230768,0.8828828828828829,0.9333333333333332,0.9074074074074074,9.0,1,0.1553889319805775,0.1323547454980703,,26709.14478825917
0.928084236995128,0.8574131376157078,0.9471153846153846,0.9278350515463918,0.8571428571428571,0.8910891089108911,8.0,0,0.2959145568942619,0.1433510301368577,,26716.50072457199
0.965533305782019,0.9315367805022656,0.973621103117506,0.9272727272727272,0.9714285714285714,0.9488372093023256,7.0,5,0.0237629678242413,0.1341285871208778,,26750.994217313128
0.956768855669691,0.917079432480704,0.96875,1.0,0.8761904761904762,0.934010152284264,10.0,8,0.0063216669812514,0.1410465921674455,,26784.92329623201
0.9496718386111362,0.8996406696055615,0.9615384615384616,0.908256880733945,0.9428571428571428,0.9252336448598132,9.0,2,0.0698092942426012,0.1099536072176236,,26796.14821524918
0.9599499374217773,0.9220881360763188,0.96875,0.896551724137931,0.9904761904761904,0.9411764705882352,8.0,1,0.0800897607706108,0.0978931875101157,,26799.62456471008
0.9565262718932444,0.9142219734878492,0.9664268585131894,0.9026548672566372,0.9714285714285714,0.9357798165137616,7.0,6,0.0139539633577657,0.1579071959214551,,26834.53595010517
0.9641623657850836,0.9293186703811024,0.9735576923076924,0.979591836734694,0.9142857142857144,0.9458128078817734,10.0,9,0.012033434910305,0.1280108374277395,,26867.57515307609
0.9203488990532922,0.8522885607025782,0.935096153846154,0.7954545454545454,1.0,0.8860759493670886,8.0,2,0.0368698185262412,0.2348758344139371,,26878.88145366707
0.9535185143802096,0.9085057338053436,0.9639423076923076,0.8947368421052632,0.9714285714285714,0.9315068493150684,9.0,3,0.0356621034324989,0.1299809442761425,,26883.756410542177
0.9653217209861424,0.9308146726095602,0.973621103117506,0.9351851851851852,0.961904761904762,0.9483568075117372,7.0,7,0.0096296762842369,0.1371258650573768,,26917.956159222173
0.9427197802197802,0.8855147939661718,0.9568345323741008,0.9230769230769232,0.9056603773584906,0.9142857142857144,1.0,0,0.2613082271527057,0.1069073858338275,,26958.525630811
0.9526724157546248,0.9055135455055124,0.9639423076923076,0.9166666666666666,0.9428571428571428,0.9295774647887324,8.0,3,0.0226858020700924,0.1220906845160893,,26961.38341796701
0.9536054551827422,0.9101939327880368,0.966346153846154,0.989247311827957,0.8761904761904762,0.9292929292929292,9.0,4,0.0199861847815277,0.1158220014678171,,26971.900009473087
0.9685709978896592,0.9374458678801012,0.9760191846522782,0.9357798165137616,0.9714285714285714,0.9532710280373832,7.0,8,0.0115457846451613,0.1336797303187527,,27001.150925151072
0.9556908094948264,0.9114573537536754,0.966346153846154,0.9252336448598132,0.9428571428571428,0.9339622641509434,8.0,4,0.0140110611564369,0.1292904540896415,,27043.94454375119
0.9587609259583274,0.9175409458348266,0.9688249400479616,0.9428571428571428,0.9339622641509434,0.9383886255924172,1.0,1,0.0797365146148476,0.0771689163063586,,27044.451227709185
0.9559628587847444,0.9122251720621308,0.966346153846154,0.9174311926605504,0.9523809523809524,0.9345794392523364,9.0,5,0.0136390592896979,0.1024579947653154,,27058.76019900106
0.9657402773939608,0.932391747860023,0.973621103117506,0.9196428571428572,0.9809523809523808,0.9493087557603688,7.0,9,0.0084584056620754,0.131436749527763,,27085.0367746302
0.9648842105263158,0.929943839881027,0.973621103117506,0.9611650485436892,0.9339622641509434,0.9473684210526316,1.0,2,0.0326080573278763,0.0465358869322309,,27126.32072830107
0.9142798269111888,0.8285776654013921,0.935096153846154,0.8679245283018868,0.8761904761904762,0.8720379146919431,9.0,0,0.2650558435184471,0.146296352148056,,27132.723229594994
0.950117910388105,0.9037456898583088,0.9639423076923076,0.9891304347826086,0.8666666666666667,0.9238578680203046,9.0,6,0.0117305456601493,0.1365626498770255,,27145.22948444216
0.8241758241758241,0.6634863391526943,0.8798076923076923,0.8571428571428571,0.6285714285714286,0.7252747252747253,8.0,0,0.4953321299310458,0.3211093034063066,,27169.93639262719
0.9716268626250256,0.9432729039764592,0.9784172661870504,0.9532710280373832,0.9622641509433962,0.9577464788732394,1.0,3,0.0221068151023878,0.0815434869613714,,27212.385296760127
0.9615384615384616,0.9231551595544576,0.971153846153846,0.9514563106796116,0.9333333333333332,0.9423076923076924,9.0,1,0.085423237407359,0.0865298325994185,,27215.58172956505
0.9570681210158216,0.9166364655705374,0.96875,0.9893617021276596,0.8857142857142857,0.9346733668341708,9.0,7,0.0098653143450373,0.1587523625080044,,27231.8712413942
0.9111680546658124,0.825171560532302,0.9302884615384616,0.8220338983050848,0.923809523809524,0.8699551569506726,8.0,1,0.2488405826990887,0.1824456921645573,,27253.54269151413
0.9629552857565886,0.9270761534341132,0.9712230215827338,0.912280701754386,0.981132075471698,0.9454545454545454,1.0,4,0.0145101064404964,0.1229834988116636,,27298.348347424064
0.9514529116583031,0.9033977877964764,0.9639423076923076,0.95,0.9047619047619048,0.926829268292683,9.0,2,0.0315507806095657,0.1407936106302908,,27298.57493461715
0.9545397776945173,0.9097956616653636,0.966346153846154,0.9595959595959596,0.9047619047619048,0.931372549019608,9.0,8,0.0097769363003909,0.1267274710878085,,27319.09452327015
0.9592325958312916,0.9189323441319523,0.96875,0.9181818181818182,0.961904761904762,0.9395348837209302,8.0,2,0.1305592517226429,0.1008215929780687,,27337.0535242341
0.9643988018827556,0.9292980965299936,0.9735576923076924,0.97,0.923809523809524,0.946341463414634,9.0,3,0.0146884955248748,0.1556875135616532,,27381.51741593005
0.9747012073044956,0.9494024146089912,0.9808153477218226,0.9622641509433962,0.9622641509433962,0.9622641509433962,1.0,5,0.0122368646034836,0.1017879370083392,,27383.1801610142
0.9573605821920508,0.9163720103809844,0.96875,0.9791666666666666,0.8952380952380953,0.9353233830845772,9.0,9,0.0042782253270053,0.1493422704493591,,27405.855188597
0.9466887791639969,0.8938370999148652,0.9591346153846154,0.9,0.9428571428571428,0.9209302325581395,8.0,3,0.0725685024981276,0.0967561155557632,,27415.96669461601
0.9746804625684724,0.9494385476995364,0.9807692307692308,0.9532710280373832,0.9714285714285714,0.9622641509433962,9.0,4,0.0072885535073356,0.0929985135527593,,27466.498137559043
0.9681776556776556,0.9364331156820976,0.9760191846522782,0.9615384615384616,0.9433962264150944,0.9523809523809524,1.0,6,0.0040274150123261,0.0939903718499408,,27470.19640284311
0.8939553261319823,0.790652554026385,0.9230769230769232,0.8924731182795699,0.7904761904761904,0.8383838383838383,10.0,0,0.3990601025900598,0.1874425256481537,,27498.528691433137
0.9629233511586452,0.9276719784358892,0.971153846153846,0.9043478260869564,0.9904761904761904,0.9454545454545454,8.0,4,0.0480226750911797,0.0852234017636094,,27499.33991724602
0.9610340951667292,0.9227905112877772,0.971153846153846,0.9696969696969696,0.9142857142857144,0.9411764705882352,9.0,5,0.0116236199544924,0.1410490668245724,,27549.882148311008
0.9747012073044956,0.9494024146089912,0.9808153477218226,0.9622641509433962,0.9622641509433962,0.9622641509433962,1.0,7,0.0015013943741027,0.1118135191076622,,27556.813685617177
0.9554126473740622,0.9108252947481243,0.966346153846154,0.9333333333333332,0.9333333333333332,0.9333333333333332,8.0,5,0.0269569406143815,0.0934882344278906,,27583.6102480162
0.9581990338164252,0.9165744544017282,0.96875,0.9509803921568628,0.923809523809524,0.9371980676328504,10.0,1,0.14969091357316,0.0931339063323461,,27585.73635338014
0.9607732201791608,0.9228477120512488,0.971153846153846,0.979381443298969,0.9047619047619048,0.9405940594059404,9.0,6,0.0105658809341671,0.1726808026266683,,27632.57039970113
0.9748567983117274,0.94979016590205,0.9808153477218226,0.9537037037037036,0.9716981132075472,0.9626168224299064,1.0,8,0.0010740795401881,0.1277670173172477,,27643.101438851096
0.9617822691777675,0.9235645383555352,0.971153846153846,0.9428571428571428,0.9428571428571428,0.9428571428571428,8.0,6,0.0172919935578385,0.0827764529468757,,27667.409747018013
0.963920492624043,0.9295063390854528,0.9735576923076924,0.9895833333333334,0.9047619047619048,0.945273631840796,10.0,2,0.0733880141544771,0.0719433482019947,,27673.057554271072
0.9650769665193732,0.9301732173303522,0.9735576923076924,0.9433962264150944,0.9523809523809524,0.9478672985781992,9.0,7,0.0039205556563733,0.118524424199547,,27715.3293414102
0.9748567983117274,0.94979016590205,0.9808153477218226,0.9537037037037036,0.9716981132075472,0.9626168224299064,1.0,9,0.0007803412454296,0.1326570116998482,,27728.49279060308
0.9691027926322044,0.9400453005375704,0.9759615384615384,0.9130434782608696,1.0,0.9545454545454546,8.0,7,0.0151346288581962,0.082301935713206,,27750.18585315417
0.9871794871794872,0.9744398450783992,0.9903846153846154,0.9902912621359224,0.9714285714285714,0.9807692307692308,10.0,3,0.0493086776775071,0.0445232553264269,,27759.97760426812
0.9450187969924811,0.8934599146000389,0.9567307692307692,0.865546218487395,0.9809523809523808,0.9196428571428572,10.0,0,0.2856763113858336,0.099671547966344,,27797.67118593212
0.9032312506592596,0.8176601987198628,0.920863309352518,0.7744360902255639,0.9716981132075472,0.8619246861924686,2.0,0,0.2367872273770429,0.1578183442886386,,27816.01510799513
0.9745215127851784,0.9490430255703568,0.9807692307692308,0.961904761904762,0.961904761904762,0.961904761904762,8.0,8,0.0174322563018334,0.0708038115075656,,27833.531910635065
0.9870963739570088,0.9745204452763044,0.9903846153846154,1.0,0.961904761904762,0.9805825242718448,10.0,4,0.0227517985533607,0.0428952999556293,,27846.83117265301
0.9776356109886566,0.9552910675993171,0.9831730769230768,0.971153846153846,0.961904761904762,0.9665071770334928,10.0,1,0.0918392839099643,0.0304467539702142,,27879.67468045
0.966334686208744,0.9348467759570402,0.973621103117506,0.905982905982906,1.0,0.9506726457399104,2.0,1,0.0692564161273382,0.0761358267627656,,27902.559850457124
0.9567439096850862,0.9152986563342084,0.966346153846154,0.8956521739130435,0.9809523809523808,0.9363636363636364,8.0,9,0.0108171655851716,0.1244313684957368,,27917.171470331028
0.963673025474926,0.9298685000516722,0.9735576923076924,1.0,0.8952380952380953,0.9447236180904522,10.0,5,0.0163407312396329,0.1120382743851783,,27928.600458541187
0.9773446921072082,0.9551984052635109,0.9831730769230768,0.99,0.9428571428571428,0.9658536585365852,10.0,2,0.0359854015158647,0.0514646533410996,,27962.615895034047
0.9557271127828671,0.9114542255657344,0.9664268585131894,0.9339622641509434,0.9339622641509434,0.9339622641509434,2.0,2,0.024574905705946,0.1136317123725478,,27989.148069849005
0.8353751462948462,0.6849712546289332,0.8870192307692307,0.8717948717948718,0.6476190476190476,0.7431693989071039,9.0,0,0.4846522782818745,0.3256397332463945,,28006.535848995205
0.9774917874396136,0.95516445909417,0.9831730769230768,0.9803921568627452,0.9523809523809524,0.966183574879227,10.0,6,0.0114798623184531,0.0741302977280261,,28015.074523564195
0.963920492624043,0.9295063390854528,0.9735576923076924,0.9895833333333334,0.9047619047619048,0.945273631840796,10.0,3,0.0151398135112377,0.1125457629428378,,28044.53392066201
0.9653217209861424,0.9306624653717468,0.973621103117506,0.9439252336448598,0.9528301886792452,0.9483568075117372,2.0,3,0.0236609510271375,0.0643898373569494,,28075.73196528805
0.9025852379168228,0.8058368646860562,0.9278846153846154,0.8787878787878788,0.8285714285714286,0.8529411764705882,9.0,1,0.2387644822819758,0.1862151143806321,,28090.36995751108
0.9774917874396136,0.95516445909417,0.9831730769230768,0.9803921568627452,0.9523809523809524,0.966183574879227,10.0,7,0.005211283105536,0.0626980957861703,,28102.2002889812
0.967528412638941,0.9357853609101906,0.9759615384615384,0.9797979797979798,0.923809523809524,0.9509803921568628,10.0,4,0.0134560211908893,0.0954152118980086,,28127.07270783512
0.95328219644631,0.9070216947588912,0.9640287769784172,0.90990990990991,0.9528301886792452,0.9308755760368664,2.0,4,0.0123613226196385,0.0698655016687033,,28145.110404429022
0.923514129261761,0.8504107193687277,0.9447115384615384,0.9456521739130436,0.8285714285714286,0.883248730964467,9.0,2,0.1306844840804904,0.1567712447472981,,28169.58012953098
0.9460719800993512,0.8921627364086917,0.9592326139088728,0.923809523809524,0.9150943396226416,0.919431279620853,1.0,0,0.3022057761327695,0.1173083132931164,,28189.615072084125
0.9127142805586632,0.8313091251172058,0.9304556354916068,0.8064516129032258,0.9523809523809524,0.8733624454148472,3.0,0,0.2568777667484798,0.1568931958505085,,28190.6086784252
0.9714498718173036,0.9429191552609616,0.9784172661870504,0.9528301886792452,0.961904761904762,0.957345971563981,3.0,1,0.071609739831775,0.0606736219571238,,28235.399768231204
0.9324753623188408,0.865121114811806,0.9495192307692308,0.9117647058823528,0.8857142857142857,0.8985507246376812,9.0,3,0.0696522867843761,0.1278854198753833,,28253.076378767146
0.9683765091306196,0.9367530182612388,0.9760191846522782,0.9528301886792452,0.9528301886792452,0.9528301886792452,1.0,1,0.0886295623445915,0.0716739398028169,,28273.7232510522
0.9639480323500978,0.9295588627110662,0.973621103117506,0.9895833333333334,0.9047619047619048,0.945273631840796,3.0,2,0.0388478448434922,0.0692340251823355,,28280.330107355025
0.967336132347412,0.9359828316990724,0.9760191846522782,0.9896907216494846,0.9142857142857144,0.9504950495049505,3.0,3,0.0144235716557516,0.0600364916016198,,28324.761392646004
0.9559628587847444,0.9122251720621308,0.966346153846154,0.9174311926605504,0.9523809523809524,0.9345794392523364,9.0,4,0.0377688309951227,0.0888511793954031,,28337.012514245
0.9681776556776556,0.9364331156820976,0.9760191846522782,0.9615384615384616,0.9433962264150944,0.9523809523809524,1.0,2,0.0301489375997334,0.0883047139006001,,28357.446712664096
0.9871897272057016,0.9744601957843904,0.9904076738609112,0.9902912621359224,0.9714285714285714,0.9807692307692308,3.0,4,0.0144357924308663,0.0394074346238215,,28369.184510614024
0.9903612786907982,0.9809061477778082,0.9928057553956836,1.0,0.9714285714285714,0.9855072463768116,3.0,5,0.0075509449376051,0.037006055792777,,28414.07906984398
0.9442407613280666,0.8901033529720478,0.9591346153846154,0.9583333333333334,0.8761904761904762,0.9154228855721394,9.0,5,0.0294001263376893,0.130936886982194,,28421.553410928
0.9811425987337956,0.962362381220628,0.9856115107913668,0.9629629629629628,0.981132075471698,0.97196261682243,1.0,3,0.0225215009532048,0.0584198736053492,,28441.287584620062
0.9772118695010656,0.9554332339712714,0.9832134292565948,1.0,0.9333333333333332,0.9655172413793104,3.0,6,0.0031832163457677,0.0504796285048152,,28459.006482967176
0.9871065487601262,0.9745402773925754,0.9904076738609112,1.0,0.961904761904762,0.9805825242718448,3.0,7,0.0144404464533135,0.031775593765425,,28503.445542330155
0.9581990338164252,0.9165744544017282,0.96875,0.9509803921568628,0.923809523809524,0.9371980676328504,9.0,6,0.0218304249426444,0.1230396757434521,,28504.966969398083
0.9811425987337956,0.962362381220628,0.9856115107913668,0.9629629629629628,0.981132075471698,0.97196261682243,1.0,4,0.0142000491279019,0.082643266584325,,28524.87699038209
0.9872710622710624,0.9745421245421244,0.9904076738609112,0.9809523809523808,0.9809523809523808,0.9809523809523808,3.0,8,0.0115634238475542,0.0399762180503395,,28547.90595278819
0.9581990338164252,0.9165744544017282,0.96875,0.9509803921568628,0.923809523809524,0.9371980676328504,9.0,7,0.0177702378102783,0.1282184881690357,,28589.054709009128
0.8976842960242992,0.8137898224708275,0.9304556354916068,1.0,0.7238095238095238,0.8397790055248618,4.0,0,0.2657433992283324,0.1690609137793736,,28594.796818786068
0.9811425987337956,0.962362381220628,0.9856115107913668,0.9629629629629628,0.981132075471698,0.97196261682243,1.0,5,0.0045059193497902,0.0934764952897759,,28608.83091810812
0.9714498718173036,0.9429191552609616,0.9784172661870504,0.9528301886792452,0.961904761904762,0.957345971563981,4.0,1,0.0732711855977205,0.0637233024920403,,28639.627238061978
0.960506329113924,0.9230737750517036,0.971153846153846,0.9894736842105264,0.8952380952380953,0.94,9.0,8,0.0101706027171685,0.1408737653400749,,28673.74259528611
0.9565262718932444,0.9142219734878492,0.9664268585131894,0.9026548672566372,0.9714285714285714,0.9357798165137616,4.0,2,0.027745120009798,0.0748910888131441,,28684.52476181602
0.9811425987337956,0.962362381220628,0.9856115107913668,0.9629629629629628,0.981132075471698,0.97196261682243,1.0,6,0.0014987797417157,0.0987771973263339,,28691.980644862168
0.9570305599717364,0.9166370846597606,0.9664268585131894,0.8888888888888888,0.9904761904761904,0.9369369369369368,4.0,3,0.0198923154569811,0.1062198534387529,,28728.98237638711
0.9641623657850836,0.9293186703811024,0.9735576923076924,0.979591836734694,0.9142857142857144,0.9458128078817734,9.0,9,0.0127133243180558,0.1118120506206261,,28752.752309145173
0.9747012073044956,0.949479909658324,0.9808153477218226,0.9532710280373832,0.9714285714285714,0.9622641509433962,4.0,4,0.0066573529070641,0.0783377247535099,,28773.455863205018
0.9241036219134866,0.8482072438269732,0.9424460431654677,0.8867924528301887,0.8867924528301887,0.8867924528301887,2.0,0,0.3136513052602945,0.1468054886375154,,28775.11351469113
0.9625134843581444,0.9256974732939866,0.9712230215827338,0.918918918918919,0.9714285714285714,0.9444444444444444,4.0,5,0.0243268399538819,0.0676039809519092,,28818.33680980606
0.8196600932487548,0.6716165203214588,0.8822115384615384,0.9242424242424242,0.580952380952381,0.7134502923976608,10.0,0,0.4737333566960642,0.3179530756814139,,28843.010029689176
0.9488325092930094,0.9025969208203594,0.9592326139088728,0.8617886178861789,1.0,0.925764192139738,2.0,1,0.1064265133276329,0.1067203070436205,,28859.113699208014
0.9657402773939608,0.932391747860023,0.973621103117506,0.9196428571428572,0.9809523809523808,0.9493087557603688,4.0,6,0.0061612137547946,0.1003574918151051,,28862.82674755715
0.9482649151614668,0.9004476576344221,0.9592326139088728,0.8666666666666667,0.9904761904761904,0.9244444444444444,4.0,7,0.0018393815693251,0.2101511790897348,,28907.338417374063
0.9201271821023448,0.8402727450789981,0.939903846153846,0.8846153846153846,0.8761904761904762,0.8803827751196173,10.0,1,0.2239008096315093,0.148726221706186,,28926.765770242084
0.9717999774580156,0.9437705443423074,0.9784172661870504,0.944954128440367,0.9716981132075472,0.958139534883721,2.0,2,0.0438461939772685,0.0608231260308197,,28942.70933695417
0.9557271127828671,0.9115298356309568,0.9664268585131894,0.9252336448598132,0.9428571428571428,0.9339622641509434,5.0,0,0.2608881336400064,0.1194077429494687,,28954.96188062709
0.952999962430026,0.9064624945824716,0.9640287769784172,0.9090909090909092,0.9523809523809524,0.9302325581395348,5.0,1,0.0814685505672784,0.0961834249818431,,28999.829330126988
0.9131124942562346,0.839771051835638,0.939903846153846,1.0,0.7619047619047619,0.8648648648648649,10.0,2,0.1323289928673687,0.1893262341618538,,29010.83257843112
0.9546045039879816,0.9131159069705196,0.9640287769784172,0.8760330578512396,1.0,0.933920704845815,2.0,3,0.019180401686137,0.1414333655765014,,29026.65441866009
0.9681776556776556,0.9363553113553114,0.9760191846522782,0.9523809523809524,0.9523809523809524,0.9523809523809524,5.0,2,0.0301438217619591,0.0955618966129675,,29044.357725669164
0.9657402773939608,0.932391747860023,0.973621103117506,0.9196428571428572,0.9809523809523808,0.9493087557603688,5.0,3,0.0162127911748553,0.1325045234677548,,29089.2692906172
0.967528412638941,0.9357853609101906,0.9759615384615384,0.9797979797979798,0.923809523809524,0.9509803921568628,10.0,3,0.0731891176142429,0.0720401592552661,,29093.84065168817
0.9691294047971571,0.939433612709846,0.9760191846522782,0.9210526315789472,0.9905660377358492,0.9545454545454546,2.0,4,0.0157771473553157,0.0719368011424584,,29109.424116315087
0.9747012073044956,0.949479909658324,0.9808153477218226,0.9532710280373832,0.9714285714285714,0.9622641509433962,5.0,4,0.0182825787065913,0.1057024103980178,,29133.74240277917
0.9704804030560352,0.9426406677899212,0.9783653846153846,1.0,0.9142857142857144,0.9552238805970148,10.0,4,0.0435717657555715,0.0676408378141266,,29177.85282817204
0.9747012073044956,0.949479909658324,0.9808153477218226,0.9532710280373832,0.9714285714285714,0.9622641509433962,5.0,5,0.0118667098712787,0.1042197321325407,,29178.65551976906
0.9810259054783717,0.9620518109567432,0.9856115107913668,0.9716981132075472,0.9716981132075472,0.9716981132075472,2.0,5,0.0067899376311797,0.0560808129458954,,29193.115742792143
0.9651053988878154,0.930230050547894,0.973621103117506,0.9433962264150944,0.9523809523809524,0.9478672985781992,5.0,6,0.0077214093846308,0.1189979309482233,,29223.127759136027
0.973848813452774,0.9490215418254652,0.9807692307692308,1.0,0.923809523809524,0.9603960396039604,10.0,5,0.0260371483815044,0.0661274293171508,,29261.25842748303
0.9777943447467916,0.9556082599740288,0.9832134292565948,0.9622641509433962,0.9714285714285714,0.966824644549763,5.0,7,0.012917514961712,0.1233733620559048,,29267.581540104
0.9627368044799238,0.9261364526068312,0.9712230215827338,0.9196428571428572,0.9716981132075472,0.944954128440367,2.0,6,0.0111840753692746,0.0982167272761996,,29277.146560014
0.9747012073044956,0.949479909658324,0.9808153477218226,0.9532710280373832,0.9714285714285714,0.9622641509433962,5.0,8,0.0025305821325026,0.1225330587933837,,29312.424500467023
0.970678299278705,0.9423590996760676,0.9783653846153846,0.9897959183673468,0.923809523809524,0.955665024630542,10.0,6,0.0160867581301826,0.0958883985877037,,29345.66228995216
0.9747012073044956,0.949479909658324,0.9808153477218226,0.9532710280373832,0.9714285714285714,0.9622641509433962,5.0,9,0.0070322958949333,0.1006703278274342,,29356.905913464027
0.9602137200648792,0.922587936159113,0.9688249400479616,0.8974358974358975,0.9905660377358492,0.9417040358744396,2.0,7,0.006838745165269,0.1164605200257418,,29361.17690051417
0.9500179791441928,0.900695637330154,0.9616306954436452,0.9009009009009008,0.9523809523809524,0.925925925925926,6.0,0,0.286263090668846,0.0956237057356962,,29407.83710092516
0.9532794249775384,0.9106774035482232,0.966346153846154,1.0,0.8666666666666667,0.9285714285714286,10.0,7,0.0122284507931415,0.1288948740277971,,29429.55516784219
0.9572745901639343,0.9170971950308392,0.9664268585131894,0.8898305084745762,0.9905660377358492,0.9375,2.0,8,0.0047614055984629,0.1809605674019881,,29445.014385394985
0.9364463055831742,0.8777984044580857,0.9496402877697842,0.8442622950819673,0.9809523809523808,0.9074889867841408,6.0,1,0.0734378552356324,0.1258160820829549,,29452.75773684401
0.9714498718173036,0.9429191552609616,0.9784172661870504,0.9528301886792452,0.961904761904762,0.957345971563981,6.0,2,0.0330188344163678,0.0648650358364518,,29497.262875425164
0.9497645211930926,0.9042697432868216,0.9639423076923076,1.0,0.8571428571428571,0.9230769230769232,10.0,8,0.0269083387368374,0.1712484870638166,,29508.358745437115
0.9307007478336564,0.8638091417160231,0.9496402877697842,0.946808510638298,0.8476190476190476,0.8944723618090452,3.0,0,0.2964906971585953,0.1372930428811482,,29522.369615958072
0.9683765091306196,0.9368298849825348,0.9760191846522782,0.9439252336448598,0.961904761904762,0.9528301886792452,6.0,3,0.0147082075028743,0.0870402198343072,,29542.17239156505
0.9639480323500978,0.9295588627110662,0.973621103117506,0.9895833333333334,0.9047619047619048,0.945273631840796,3.0,1,0.0869829435596021,0.0799762995115348,,29566.152521187207
0.9677663719003152,0.9358518448266288,0.9760191846522782,0.9702970297029704,0.9333333333333332,0.9514563106796116,6.0,4,0.0060455695165112,0.1374511415467298,,29586.607659000205
0.9841388176762798,0.9682973646870964,0.988009592326139,0.9716981132075472,0.9809523809523808,0.976303317535545,3.0,2,0.033239549680976,0.0659395049193075,,29609.87348342198
0.9716268626250256,0.9434263540105476,0.9784172661870504,0.9444444444444444,0.9714285714285714,0.9577464788732394,6.0,5,0.0151769554289847,0.098207119831516,,29630.98493489413
0.9871897272057016,0.9744601957843904,0.9904076738609112,0.9902912621359224,0.9714285714285714,0.9807692307692308,3.0,3,0.0214395758348627,0.0619316455309412,,29653.62712799618
0.9743794544114032,0.9488383349664524,0.9808153477218226,0.970873786407767,0.9523809523809524,0.9615384615384616,6.0,6,0.0099460267589103,0.1085417986146889,,29675.764238927048
0.9742130975202524,0.9487479890152776,0.9808153477218226,0.9801980198019802,0.9428571428571428,0.9611650485436892,3.0,4,0.007305510578898,0.0838844166802508,,29697.3313395991
0.9646580218662598,0.929493646065472,0.973621103117506,0.9607843137254902,0.9333333333333332,0.9468599033816424,6.0,7,0.01460970760808,0.0876118426988666,,29720.687552344985
0.9779320042639088,0.9560380354115348,0.9832134292565948,0.9537037037037036,0.9809523809523808,0.9671361502347418,3.0,5,0.0183212271402195,0.0694809741772977,,29740.62655582605
0.9689473370666032,0.9390829446929376,0.9760191846522782,0.9203539823008848,0.9904761904761904,0.9541284403669724,6.0,8,0.0047880660380449,0.1431748370757434,,29765.17383177509
0.9904229665071772,0.98086607168151,0.9928057553956836,0.9903846153846154,0.9809523809523808,0.985645933014354,3.0,6,0.0094579495578388,0.0630480086297861,,29784.008785441983
0.9648842105263158,0.9297879096645651,0.973621103117506,0.9519230769230768,0.9428571428571428,0.9473684210526316,6.0,9,0.0107112435609944,0.0996382940460794,,29809.62315719016
0.9773624413509636,0.9552331039446352,0.9832134292565948,0.99,0.9428571428571428,0.9658536585365852,3.0,7,0.01483018034122,0.0602774290767099,,29827.746514099184
0.9434277962013868,0.8871496310238496,0.9568345323741008,0.8990825688073395,0.9333333333333332,0.9158878504672896,7.0,0,0.2266443706101785,0.1162878155176128,,29860.4090016291
0.9637003917223914,0.9299194107935076,0.973621103117506,1.0,0.8952380952380953,0.9447236180904522,3.0,8,0.0052077306905106,0.0857822703131075,,29871.08601093921
0.9450673302107728,0.8935509163446573,0.9568345323741008,0.865546218487395,0.9809523809523808,0.9196428571428572,7.0,1,0.0669266938160852,0.1174125887919217,,29905.253018112155
0.9841388176762798,0.9682973646870964,0.988009592326139,0.9716981132075472,0.9809523809523808,0.976303317535545,3.0,9,0.0035371932354499,0.0997612068728942,,29914.466387675144
0.9625134843581444,0.9256974732939866,0.9712230215827338,0.918918918918919,0.9714285714285714,0.9444444444444444,7.0,2,0.0315306235442206,0.0906097963951262,,29950.172643192112
0.9353598133945508,0.8728350229081195,0.9496402877697842,0.8620689655172413,0.9523809523809524,0.9049773755656108,4.0,0,0.2782435826641523,0.1191639900207519,,29963.51589899417
0.9716268626250256,0.9434263540105476,0.9784172661870504,0.9444444444444444,0.9714285714285714,0.9577464788732394,7.0,3,0.0176318794778958,0.0811340970519397,,29995.001989896176
0.9742130975202524,0.9487479890152776,0.9808153477218226,0.9801980198019802,0.9428571428571428,0.9611650485436892,4.0,1,0.0906252940579996,0.056890819221735,,30007.459687223192
0.9562657317511688,0.9131965553120702,0.9664268585131894,0.90990990990991,0.961904761904762,0.9351851851851852,7.0,4,0.0090672852144916,0.1623372210098231,,30039.89435184305
0.9570305599717364,0.9166370846597606,0.9664268585131894,0.8888888888888888,0.9904761904761904,0.9369369369369368,4.0,2,0.0396289180932661,0.1213828492909669,,30051.37797057209
0.9627368044799238,0.9266524590903934,0.9712230215827338,0.911504424778761,0.9809523809523808,0.944954128440367,7.0,5,0.0145570741181056,0.1325714032287318,,30084.337248218013
0.965533305782019,0.9315367805022656,0.973621103117506,0.9272727272727272,0.9714285714285714,0.9488372093023256,4.0,3,0.0258074670288143,0.0881195146191333,,30094.952287915163
0.9685709978896592,0.9374458678801012,0.9760191846522782,0.9357798165137616,0.9714285714285714,0.9532710280373832,7.0,6,0.0046909019758952,0.1155742487514674,,30128.81889353809
0.9651053988878154,0.930230050547894,0.973621103117506,0.9433962264150944,0.9523809523809524,0.9478672985781992,4.0,4,0.0192771537833199,0.0641729877430147,,30138.434894829057
0.9487179487179488,0.897512816792487,0.9615384615384616,0.9320388349514565,0.9142857142857144,0.9230769230769232,8.0,0,0.2487054880219117,0.1010911493347241,,30179.23486139509
0.9349816237888406,0.8713940326521558,0.9496402877697842,0.868421052631579,0.9428571428571428,0.9041095890410958,5.0,0,0.3128238237005169,0.1373854183724948,,30182.428363259183
0.9620206938527084,0.924117751735629,0.971153846153846,0.9345794392523364,0.9523809523809524,0.9433962264150944,8.0,1,0.0587216724870505,0.0685758144917109,,30224.11440948909
0.9551640452199558,0.910405543739545,0.9664268585131894,0.941747572815534,0.923809523809524,0.9326923076923076,5.0,1,0.0856471721367058,0.1002108781997646,,30226.334188059205
0.94997594997595,0.90061269466336,0.9615384615384616,0.9009009009009008,0.9523809523809524,0.925925925925926,8.0,2,0.0261967852662349,0.1132151468728597,,30269.05542792799
0.9508382259319516,0.903310273190124,0.9640287769784172,0.96875,0.8857142857142857,0.9253731343283582,5.0,2,0.0293486281771654,0.1672829946369997,,30270.240164494146
0.9620206938527084,0.924117751735629,0.971153846153846,0.9345794392523364,0.9523809523809524,0.9433962264150944,8.0,3,0.0250714638539771,0.0904650387103454,,30313.55959989014
0.9497135966234548,0.8997236902379124,0.9616306954436452,0.908256880733945,0.9428571428571428,0.9252336448598132,5.0,3,0.0287630083315642,0.1247861971080835,,30313.801680937177
0.9648842105263158,0.9297879096645651,0.973621103117506,0.9519230769230768,0.9428571428571428,0.9473684210526316,5.0,4,0.0109862324829071,0.1354514279934977,,30357.35490580205
0.9631369073992024,0.9288746663389766,0.971153846153846,0.8974358974358975,1.0,0.945945945945946,8.0,4,0.0047686929531865,0.1418766453503989,,30358.025479515083
0.9683765091306196,0.9368298849825348,0.9760191846522782,0.9439252336448598,0.961904761904762,0.9528301886792452,5.0,5,0.0052556847764763,0.1408281841847513,,30401.298980813008
0.9683505782105905,0.9367781497175828,0.9759615384615384,0.9439252336448598,0.961904761904762,0.9528301886792452,8.0,5,0.0046772463804592,0.1035687824075396,,30402.9072159091
0.9683765091306196,0.9368298849825348,0.9760191846522782,0.9439252336448598,0.961904761904762,0.9528301886792452,5.0,6,0.0029200910194974,0.1434774766177205,,30445.316059739096
0.9587273240683504,0.9174737733392322,0.96875,0.9339622641509434,0.9428571428571428,0.9383886255924172,8.0,6,0.0092505115097668,0.1210246835667371,,30447.777768424014
0.9584995215311004,0.917018369160329,0.9688249400479616,0.9423076923076924,0.9333333333333332,0.937799043062201,5.0,7,0.0024286857164875,0.1697103108287722,,30488.83797755
0.9615384615384616,0.9231551595544576,0.971153846153846,0.9514563106796116,0.9333333333333332,0.9423076923076924,8.0,7,0.0114925178515816,0.1316979975493338,,30492.27198545402
0.9565262718932444,0.9142219734878492,0.9664268585131894,0.9026548672566372,0.9714285714285714,0.9357798165137616,5.0,8,0.0072380461556426,0.1852057137127433,,30532.375060545048
0.9556908094948264,0.9114573537536754,0.966346153846154,0.9252336448598132,0.9428571428571428,0.9339622641509434,8.0,8,0.0148858565484939,0.1294873953335739,,30536.673708460992
0.955448717948718,0.910897435897436,0.9664268585131894,0.9333333333333332,0.9333333333333332,0.9333333333333332,6.0,0,0.3155844157277527,0.1237076818943023,,30586.427626029123
0.9346220336319346,0.870500052502816,0.9519230769230768,0.9381443298969072,0.8666666666666667,0.900990099009901,9.0,0,0.267899453261141,0.1294875530382761,,30587.453668681206
0.9508920685391272,0.9043397625125056,0.9616306954436452,0.8803418803418803,0.9809523809523808,0.927927927927928,6.0,1,0.0822740664105799,0.1049814240208694,,30630.24694543518
0.9646299516908212,0.9294377892992088,0.9735576923076924,0.9607843137254902,0.9333333333333332,0.9468599033816424,9.0,1,0.0822353785091979,0.0759276517022114,,30632.29060257109
0.9745421245421246,0.949084249084249,0.9808153477218226,0.961904761904762,0.961904761904762,0.961904761904762,6.0,2,0.0327638784439255,0.094848264940083,,30673.775954724057
0.9646299516908212,0.9294377892992088,0.9735576923076924,0.9607843137254902,0.9333333333333332,0.9468599033816424,9.0,2,0.0280862875111101,0.1174562738518803,,30678.58573711012
0.9615691816171048,0.923216474148514,0.9712230215827338,0.9514563106796116,0.9333333333333332,0.9423076923076924,6.0,3,0.0187755449836821,0.1125062392259548,,30720.156752013136
0.9773446921072082,0.9551984052635109,0.9831730769230768,0.99,0.9428571428571428,0.9658536585365852,9.0,3,0.0249825907605739,0.07593850680412,,30723.05882207118
0.9620518109567432,0.9241798603067458,0.9712230215827338,0.9345794392523364,0.9523809523809524,0.9433962264150944,6.0,4,0.0088680688887676,0.1023393667169979,,30763.67112828512
0.9655045041649392,0.9314799662404962,0.9735576923076924,0.9272727272727272,0.9714285714285714,0.9488372093023256,9.0,4,0.0339532264131437,0.1039646657233019,,30767.919311379083
0.9579588196517896,0.916413085979046,0.9688249400479616,0.96,0.9142857142857144,0.9365853658536586,6.0,5,0.0192857622030838,0.1431542053718918,,30807.18333160598
0.9740227301111528,0.948780210532604,0.9807692307692308,0.98989898989899,0.9333333333333332,0.9607843137254902,9.0,5,0.0047385242362644,0.137248333460705,,30812.42583770817
0.9076411960132892,0.8244392749578195,0.935251798561151,0.9642857142857144,0.7714285714285715,0.8571428571428571,7.0,0,0.3183013617487277,0.1699347017066819,,30851.33002069616
0.9777762514214192,0.9555721053125922,0.9831730769230768,0.9622641509433962,0.9714285714285714,0.966824644549763,9.0,6,0.0090805571552186,0.074844913247104,,30856.92334619909
0.9620518109567432,0.9241798603067458,0.9712230215827338,0.9345794392523364,0.9523809523809524,0.9433962264150944,7.0,1,0.0841123955166441,0.1062511739188006,,30895.27526711207
0.9710608695652174,0.9423011241966894,0.9783653846153846,0.9705882352941176,0.9428571428571428,0.9565217391304348,9.0,7,0.002336943839648,0.1177709798519992,,30901.838907334022
0.9625134843581444,0.9256974732939866,0.9712230215827338,0.918918918918919,0.9714285714285714,0.9444444444444444,7.0,2,0.0389137616641503,0.1153550216528986,,30939.273261517053
0.967528412638941,0.9357853609101906,0.9759615384615384,0.9797979797979798,0.923809523809524,0.9509803921568628,9.0,8,0.001804364215478,0.1667681889924167,,30946.34707047604
0.9620518109567432,0.9241798603067458,0.9712230215827338,0.9345794392523364,0.9523809523809524,0.9433962264150944,7.0,3,0.0137872767488677,0.1086736169776746,,30983.17159679206
0.9685448991319602,0.9373941769752694,0.9759615384615384,0.9357798165137616,0.9714285714285714,0.9532710280373832,9.0,9,0.0031520867251871,0.1179350006070588,,30990.84419982112
0.9535583027063148,0.9085827862716368,0.9640287769784172,0.8947368421052632,0.9714285714285714,0.9315068493150684,7.0,4,0.0120953336038421,0.1600250639686627,,31026.73658451601
0.9745215127851784,0.9490430255703568,0.9807692307692308,0.961904761904762,0.961904761904762,0.961904761904762,10.0,0,0.230505934348172,0.0557886377120247,,31041.282172677107
0.9565262718932444,0.9142219734878492,0.9664268585131894,0.9026548672566372,0.9714285714285714,0.9357798165137616,7.0,5,0.0089212323152223,0.1825633521324821,,31070.20645197016
0.963920492624043,0.9295063390854528,0.9735576923076924,0.9895833333333334,0.9047619047619048,0.945273631840796,10.0,1,0.0735810229089111,0.070666236229814,,31086.17978174216
0.9374699374699376,0.8755898273412723,0.9519230769230768,0.8828828828828829,0.9333333333333332,0.9074074074074074,8.0,0,0.311606447449175,0.1290077120065689,,31114.676019302104
0.963920492624043,0.9295063390854528,0.9735576923076924,0.9895833333333334,0.9047619047619048,0.945273631840796,10.0,2,0.0269103407069559,0.069587427276509,,31130.57631053613
0.971945599640328,0.944811240785994,0.9783653846153846,0.9285714285714286,0.9904761904761904,0.9585253456221198,8.0,1,0.0799390506315029,0.0644967323169112,,31158.58907959913
0.9685448991319602,0.9373941769752694,0.9759615384615384,0.9357798165137616,0.9714285714285714,0.9532710280373832,10.0,3,0.0240673993130104,0.0843901108377254,,31175.07897504209
0.9650769665193732,0.9301732173303522,0.9735576923076924,0.9433962264150944,0.9523809523809524,0.9478672985781992,8.0,2,0.0344272480953989,0.0709724800129022,,31202.53368273704
0.9556908094948264,0.9114573537536754,0.966346153846154,0.9252336448598132,0.9428571428571428,0.9339622641509434,8.0,3,0.0148082557765735,0.1174314075282641,,31245.942138632992
0.9589827603206746,0.918135634867873,0.96875,0.925925925925926,0.9523809523809524,0.9389671361502347,8.0,4,0.0066424534563369,0.1394380948373249,,31289.281711314103
0.9426734037666512,0.8853468075333027,0.9567307692307692,0.9142857142857144,0.9142857142857144,0.9142857142857144,9.0,0,0.2741936739470999,0.1360519288906029,,31333.18798878207
0.9615384615384616,0.9231551595544576,0.971153846153846,0.9514563106796116,0.9333333333333332,0.9423076923076924,9.0,1,0.0827898021029718,0.107750339699643,,31376.95838589105
0.9529606874976442,0.9063847220234088,0.9639423076923076,0.9090909090909092,0.9523809523809524,0.9302325581395348,9.0,2,0.030268886493582,0.1195186898112297,,31420.67123776512
0.9612891218710258,0.9228951541063396,0.971153846153846,0.9603960396039604,0.923809523809524,0.941747572815534,9.0,3,0.0196024105248783,0.0956616516923531,,31463.86397896614
0.9536054551827422,0.9101939327880368,0.966346153846154,0.989247311827957,0.8761904761904762,0.9292929292929292,9.0,4,0.0160610806700079,0.1789940483868122,,31507.11797994608
0.960506329113924,0.9230737750517036,0.971153846153846,0.9894736842105264,0.8952380952380953,0.94,10.0,0,0.2770754585074166,0.0887718687632254,,31551.404007085133
0.9777762514214192,0.9555721053125922,0.9831730769230768,0.9622641509433962,0.9714285714285714,0.966824644549763,10.0,1,0.0762697658896193,0.0400906833820045,,31595.199273246108
0.9673110168159672,0.935934626938357,0.9759615384615384,0.9896907216494846,0.9142857142857144,0.9504950495049505,10.0,2,0.0314769865668741,0.0979700914051916,,31638.9409297402
0.9810103469263542,0.96209894568149,0.9855769230769232,0.9626168224299064,0.9809523809523808,0.9716981132075472,10.0,3,0.0190825823288,0.0548852008567856,,31682.313100328203
0.973848813452774,0.9490215418254652,0.9807692307692308,1.0,0.923809523809524,0.9603960396039604,10.0,4,0.010352274563787,0.1154967747362596,,31726.12941080518
0.9806445609355128,0.9616141224838132,0.9855769230769232,0.99009900990099,0.9523809523809524,0.970873786407767,10.0,5,0.0032896718870595,0.0715794232507635,,31769.39942777413
0.9871794871794872,0.9744398450783992,0.9903846153846154,0.9902912621359224,0.9714285714285714,0.9807692307692308,10.0,6,0.006491967668299,0.0249888434690157,,31812.66469935001
0.9806445609355128,0.9616141224838132,0.9855769230769232,0.99009900990099,0.9523809523809524,0.970873786407767,10.0,7,0.0110720439381913,0.0629332096515489,,31856.39666225109
0.9839227053140096,0.9680277939916504,0.9879807692307692,0.9901960784313726,0.961904761904762,0.9758454106280192,10.0,8,0.003470661223203,0.0716184916714805,,31899.76970074
0.9808911345888838,0.9617822691777675,0.9855769230769232,0.9714285714285714,0.9714285714285714,0.9714285714285714,10.0,9,0.0030668947460441,0.0526444931913699,,31943.15952591412
